Title,GPT or Web,bias / sensationalism score,Author,Publisher,keyword,link
CDC investigating hospitalizations of five people who recently received chikungunya vaccine,web recommended,0.0,Jacqueline Howard,CNN,vaccine,https://www.cnn.com/2025/02/26/health/chikungunya-vaccine-cdc-investigating-hospitalizations/index.html
CDC seems to defy Trump executive order by participating in WHO vaccine conference,web recommended,9.310634720470785e-05,Stephen Sorace,FOX News,vaccine,https://www.foxnews.com/politics/cdc-seems-defy-trump-executive-order-participating-who-vaccine-conference
"Meeting of US FDA vaccine advisers canceled, committee member says",web recommended,0.005810120862601697,"Dan Levine, Michael Erman",Reuters,vaccine,https://www.reuters.com/business/healthcare-pharmaceuticals/meeting-us-fda-vaccine-advisors-canceled-committee-member-says-2025-02-26/
Vaccine meeting to prepare for coming winter’s flu season canceled,web recommended,0.0,"Lena H. Sun, Rachel Roubein",The Washington Post,vaccine,https://www.washingtonpost.com/health/2025/02/26/fda-cancels-vaccine-meeting-flu/
Measles Outbreaks in the U.S. Highlight the Importance of Vaccination,web recommended,0.02398655281337877,Aliza Rosen,John's Hopkins Bloomberg School of Public Health,vaccine,https://publichealth.jhu.edu/2025/what-to-know-about-measles-and-vaccines
FDA cancels pivotal advisory meeting about next season's flu vaccine,web recommended,0.0,"Youri Benadjaoud, Sony Salzman, Eric M. Strauss, Dr. Mark Abdelmalek",ABC News,vaccine,https://abcnews.go.com/US/fda-cancels-pivotal-advisory-meeting-seasons-flu-vaccine/story?id=119234794
FDA cancels vaccine advisory committee meetin,web recommended,0.0,Lizzy Lawrence,STAT,vaccine,https://www.statnews.com/2025/02/26/fda-cancels-vaccine-advisory-committee-meeting/
Do you need a measles vaccine booster? What to know as a Texas outbreak spreads,web recommended,0.0,Sara Moniuszko,CBS News,vaccine,https://www.cbsnews.com/news/measles-vaccine-booster-what-to-know/
First doses announced in phase 2 trial for TB vaccine candidate,web recommended,0.0,Chris Dall,CIDRAP,vaccine,https://www.cidrap.umn.edu/tuberculosis/first-doses-announced-phase-2-trial-tb-vaccine-candidate
Who Are the Mennonites and Why Are They Facing a Measles Outbreak?,web recommended,0.23551880555349441,Peter Smith,TIME,vaccine,https://time.com/7262199/mennonites-measles-outbreak-texas-vaccines-explainer/
FDA cancels meeting to update next season's flu vaccines,web recommended,0.0,Alexander Tin,CBS News,vaccine,https://www.cbsnews.com/news/fda-cancels-flu-vaccine-meeting/
Childhood vaccines: What research shows about their safety and potential side effects,web recommended,0.0,Naseem S. Miller,The Journalist's Resource,vaccine,https://journalistsresource.org/home/childhood-vaccines-what-the-research-says-about-their-safety-and-side-effects/
Texas reports first death in measles outbreak,web recommended,0.0,Stephanie Soucheray,CIDRAP,vaccine,cidrap.umn.edu/measles/texas-reports-first-death-measles-outbreak
Vaccine interest increasing in Austin as measles outbreak in West Texas worsens,web recommended,0.0,Brianna Perez,KVUE ABC,vaccine,https://www.kvue.com/article/news/health/austin-vaccine-interest-increasing-measles-outbreak-west-texas-worsens/269-a1990013-bf62-4485-93b4-8fd99abdbf15
Measles death of unvaccinated child in Texas outbreak is 1st fatality in US in a decade,web recommended,0.0,Mary Kekatos,ABC News,vaccine,https://abcnews.go.com/Health/1st-measles-death-linked-outbreak-texas-confirmed-child/story?id=119208967
The political rise of the anti-vax movement,GPT recommended,0.0,,Financial Times,vaccine,https://www.ft.com/content/d4199db2-01c1-4260-ac60-0f547a6a2fbe?utm_source=chatgpt.com
VAX HORROR Traumatized Scots 'gaslit' by health bosses after horror complications from Covid vaccine,GPT recommended,0.05044560205741399,Sian Maher,The Scottish Sun,vaccine,https://www.thescottishsun.co.uk/news/14028072/covid-vaccine-injuries-horror-complications-coronavirus/?utm_source=chatgpt.com
State lawmakers are pushing for vaccine exemptions even as childhood vaccination rates fall,GPT recommended,0.0," Susan Haigh, Devi Shastri",AP News,vaccine,https://apnews.com/article/vaccines-whooping-cough-rfk-measles-exemptions-covid-27dae6f61505ef1953ca869a78c71942?utm_source=chatgpt.com
Antibody Treatment Prevents Severe Bird Flu in Monkeys,GPT recommended,0.7256361601853052,University of Pittsburgh,ScienceDaily,vaccine,https://www.sciencedaily.com/releases/2025/01/250130161626.htm
A therapeutic HPV vaccine could eliminate precancerous cervical lesions,GPT recommended,0.0,American Association for Cancer Research,ScienceDaily,vaccine,https://www.sciencedaily.com/releases/2025/01/250124151355.htm
Hepatitis E vaccination is effective in an epidemic,GPT recommended,0.0,Université de Genève,ScienceDaily,vaccine,https://www.sciencedaily.com/releases/2025/01/250114125138.htm
Self-destructing vaccine offers enhanced protection against tuberculosis in monkeys,GPT recommended,0.0,University of Pittsburgh,ScienceDaily,vaccine,https://www.sciencedaily.com/releases/2025/01/250110121922.htm
Researchers Discover Class of Anti-Malaria Antibodies,GPT recommended,0.09516584897938146,NIH/National Institute of Allergy and Infectious Diseases,ScienceDaily,vaccine,https://www.sciencedaily.com/releases/2025/01/250103124926.htm
Americans Are Uninformed About and Undervaccinated for HPV,GPT recommended,0.5165764049053789,University of Southern California - Health Sciences,ScienceDaily,vaccine,https://www.sciencedaily.com/releases/2024/12/241210114948.htm
"U.S. Department of Agriculture Announces 15 Additional States Onboard With National Milk Testing Strategy for H5N1, Shares Update on Vaccination Efforts",GPT recommended,0.19124545898355522,,USDA,vaccine,https://www.usda.gov/about-usda/news/press-releases/2025/01/08/us-department-agriculture-announces-15-additional-states-onboard-national-milk-testing-strategy-h5n1?utm_source=chatgpt.com
New kidney cancer vaccine puts 9 advance-stage patients into remission,GPT recommended,0.0,McKenzie Beard,New York Post,vaccine,https://nypost.com/2025/02/26/health/new-kidney-cancer-vaccine-puts-9-patients-into-remission/?utm_source=chatgpt.com
FDA meeting to choose flu vaccine composition canceled without explanation,GPT recommended,0.0,Meg Tirrell,CNN,vaccine,https://www.cnn.com/2025/02/26/health/news-fda-meeting-to-choose-flu-vaccine-composition-canceled-without-explanation/index.html?utm_source=chatgpt.com
"RFK Jr., vaccine critic, calls Texas measles outbreak 'not unusual' after unvaccinated child dies",GPT recommended,0.0,Tanya Babbar,Houston Chronicle,vaccine,https://www.houstonchronicle.com/news/houston-texas/trending/article/robert-f-kennedy-vaccine-measles-death-20190257.php?utm_source=chatgpt.com
"A Texas child who was not vaccinated has died of measles, a first for the US in a decade",GPT recommended,0.0,"Devi Shastri, Amanda Seitz",AP News,vaccine,https://apnews.com/article/measles-outbreak-west-texas-death-rfk-41adc66641e4a56ce2b2677480031ab9
"Trump administration weighs pulling funding for Moderna bird flu vaccine, Bloomberg News reports",GPT recommended,0.0,,Reuters,vaccine,https://www.reuters.com/business/healthcare-pharmaceuticals/trump-administration-weighs-pulling-funding-moderna-bird-flu-vaccine-bloomberg-2025-02-27/?utm_source=chatgpt.com
New study links COVID-19 vaccine to long-term side effects,web recommended,0.001888881536866715,Dr. Mahsa Tehrani ,FOX News,COVID-19,https://www.foxnews.com/video/6369361259112
"Now That Trump Has Banished the Woke From Science, This Truth-Telling New Scientific Paper Reveals What COVID Vaccines Actually Do to Children",web recommended,0.8463038719716551,Victor Tangermann,Futurism,COVID-19,https://www.yahoo.com/news/now-trump-banished-woke-science-163616742.html
COVID-19 turns 5: Tell us how it changed your life,web recommended,0.05109671052889685,,Ventura County Star,COVID-19,https://www.vcstar.com/story/news/health/2025/02/26/covid-19-ventura-county-california/80051685007/
IMUNON Announces New Immunogenicity Data from Phase 1 Clinical Trial of Its DNA Vaccine in Treatment of COVID-19,web recommended,0.4079193798337606,,GlobeNewswire,COVID-19,http://globenewswire.com/news-release/2025/02/26/3032895/0/en/IMUNON-Announces-New-Immunogenicity-Data-from-Phase-1-Clinical-Trial-of-Its-DNA-Vaccine-in-Treatment-of-COVID-19.html
Multimillion-dollar Biden-era COVID-19 vax project halted by Trump’s HHS,web recommended,0.6939609673348787,Emma Colton ,FOX News,COVID-19,https://www.foxnews.com/politics/multimillion-dollar-biden-era-covid-vax-project-halted-trumps-hhs
Why a New Bat Coronavirus in China Is Raising Concern,web recommended,0.6949246334460737,,Bloomberg,COVID-19,https://www.bloomberg.com/news/articles/2025-02-24/hku5-cov-2-what-is-new-bat-virus-similar-to-covid-19-could-pandemic-happen
"More than half of COVID-19 ECMO patients die in hospital, while survivors often struggle long term, study finds",web recommended,0.0,Stephanie Soucheray,CIDRAP,COVID-19,https://www.cidrap.umn.edu/covid-19/more-half-covid-19-ecmo-patients-die-hospital-while-survivors-often-struggle-long-term
COVID Broke the Rules of Virus Evolution,web recommended,0.7761815171221643,Sarah Zhang,The Atlantic,COVID-19,https://www.theatlantic.com/health/archive/2025/02/covid-virus-evolution/681798/
Daily briefing: Where did COVID-19 come from? Evidence points to raccoon dogs,web recommended,0.0021927753043000982,Jacob Smith,Nature,COVID-19,https://www.nature.com/articles/d41586-025-00583-5
"Air Force Deletes 'CQ' Brown Quote, COVID-19 History and Bias Lesson from New Handbook",web recommended,0.948794756084478,Thomas Novelly,Military.com,COVID-19,https://www.military.com/daily-news/2025/02/25/air-force-deletes-cq-brown-quote-covid-19-history-and-bias-lesson-new-handbook.html
"Downtown Seattle may have escaped the ‘doom loop,’ still off pre-COVID norm",web recommended,0.0,Lauren Rosenblatt,The Seattle Times,COVID-19,http://seattletimes.com/business/downtown-seattle-may-have-escaped-the-doom-loop-still-off-pre-covid-norm/
Minneapolis man admits to stealing at least $3.8 million from COVID-19 relief programs,web recommended,0.0,Lou Raguse,Kare11,COVID-19,https://www.kare11.com/article/news/local/minneapolis-man-admits-stealing-3-million-pandemic-programs/89-c50978ce-bed2-4cc5-8a75-6a1874200fe9
"Long COVID news, measles in Texas, RSV vaccine for moms, food recalls and rural health care access",web recommended,0.001482237585460674,,AMA,COVID-19,https://www.ama-assn.org/delivering-care/public-health/long-covid-news-measles-texas-rsv-vaccine-moms-food-recalls-and-rural
"New Coronavirus Found in Bats, Experts Say It’s No Threat",web recommended,0.6173927919619898, India Edwards,US News,COVID-19,https://www.usnews.com/news/health-news/articles/2025-02-26/new-coronavirus-found-in-bats-experts-say-its-no-threat
"No Spike in Cardiac Arrests, Deaths in Young Athletes During COVID-19",web recommended,0.941576552767926,Todd Neale,tctMD,COVID-19,https://www.tctmd.com/news/no-spike-cardiac-arrests-deaths-young-athletes-during-covid-19
"Scientists have identified a new coronavirus in bats, but it’s not a public health threat",GPT recommended,0.0,Jen Christensen,CNN,COVID-19,https://www.cnn.com/2025/02/25/health/newly-named-coronavirus/index.html?utm_source=chatgpt.com
The next pandemic: COVID-19 showed us how we can fight the next global outbreak,GPT recommended,0.0,,UC Davis Health,COVID-19,https://health.ucdavis.edu/patients-visitors/news/headlines/the-next-pandemic-covid-19-showed-us-how-we-can-fight-the-next-global-outbreak/2025/02?utm_source=chatgpt.com
New COVID variant XEC now in half of states. Here's what to know.,GPT recommended,0.3094297202221338,Alexander Tin,CBS News,COVID-19,https://www.cbsnews.com/news/xec-covid-variant-symptoms-states-what-to-know/
Long COVID played a role in thousands of deaths: CDC,GPT recommended,0.9474954142432253,Mary Kekatos,ABC News,COVID-19,https://abcnews.go.com/Health/3500-americans-died-long-covid-pandemic-cdc/story?id=95151647
Megyn Kelly claims Pfizer COVID vaccine left her with autoimmune condition: ‘Wish I hadn’t done it’,GPT recommended,0.00038810981631443806,Alex Oliveira,New York Post,COVID-19,https://nypost.com/2025/02/26/us-news/megyn-kelly-claims-pfizer-covid-vaccine-left-her-with-autoimmune-condition/?utm_source=chatgpt.com
COVID Origins: Exclusive: Inside the FBI’s Lab Leak Investigation,GPT recommended,0.44008012052302836,Katherine Eban,Vanity Fair,COVID-19,https://www.vanityfair.com/news/story/inside-the-fbis-lab-leak-investigation?utm_source=chatgpt.com
Multimillion-dollar Biden-era COVID-19 vax project halted by Trump’s HHS,GPT recommended,0.6939609673348787,Emma Colton,FOX News,COVID-19,https://www.foxnews.com/politics/multimillion-dollar-biden-era-covid-vax-project-halted-trumps-hhs?utm_source=chatgpt.com
Coast Guard reinstates COVID-19 discharged servicemembers,GPT recommended,0.15428564080453216,MyCG Staff,USCG,COVID-19,https://www.mycg.uscg.mil/News/Article/4078364/coast-guard-reinstates-covid-19-discharged-servicemembers/
Wuhan Covid lab planning ‘ominous’ new bat experiments,GPT recommended,0.0,Sarah Knapton,The Telegraph,COVID-19,https://www.telegraph.co.uk/news/2025/02/26/wuhan-covid-lab-planning-ominous-new-bat-experiments/?utm_source=chatgpt.com
Threats poured into Granite School District after ‘misleading’ DOGE post accused officials of misusing COVID funds,GPT recommended,0.057012348008305874,Carmen Nesbitt,The Salt Lake Tribune,COVID-19,https://www.sltrib.com/news/politics/2025/02/26/granite-school-district-sees/?utm_source=chatgpt.com
A Mayo Clinic virologist explains FLiRT and why you may need a new COVID-19 vaccination,GPT recommended,0.3095343581590001,Deb Balzer,Mayo Clinic,COVID-19,https://newsnetwork.mayoclinic.org/discussion/a-mayo-clinic-virologist-explains-flirt-and-why-you-may-need-a-new-covid-19-vaccination/
"Novavax sees royalties, reduced expenses on COVID vaccines from Sanofi partnership",GPT recommended,9.310634720470785e-05,Christy Santhosh,Reuters,COVID-19,https://www.reuters.com/business/healthcare-pharmaceuticals/novavaxs-quarterly-loss-shrinks-it-ramps-down-spending-covid-vaccines-2025-02-27/?utm_source=chatgpt.com
"China says it's ""extremely unlikely"" COVID pandemic came from lab leak, as CIA now indicates",GPT recommended,0.030895003410438895,,CBS News,COVID-19,https://www.cbsnews.com/news/china-covid-lab-leak-origin-extremely-unlikely-cia/
"Health experts warn of a “quademic” as COVID-19, flu, RSV, and norovirus spread.",GPT recommended,0.011263375589053779,,KNTV,COVID-19,https://www.ktnv.com/morningblend/moderna-2-26-25?utm_source=chatgpt.com
Association of Mechanical Power With Mortality in COVID-19,GPT recommended,0.3017826328856902,,Physician's Weekly,COVID-19,https://www.physiciansweekly.com/association-of-mechanical-power-with-mortality-in-covid-19/?utm_source=chatgpt.com
New Emergency Behavioral Health Focused Practice Designation Approved for American Board of Emergency Medicine,web recommended,0.4696078761447403,,Morningstar,american medicine,https://www.morningstar.com/news/pr-newswire/20250227de29173/new-emergency-behavioral-health-focused-practice-designation-approved-for-american-board-of-emergency-medicine
Why DeepSeek Will Upend American Medicine,web recommended,0.4416502806522861,Robert Pearl M.D.,Forbes,american medicine,https://www.forbes.com/sites/robertpearl/2025/02/24/how-deepseek-and-knowledge-distillation-will-reshape-medicine/
American chaos: standing up for health and medicine,web recommended,0.0,,The Lancet,american medicine,https://www.thelancet.com/journals/lancet/article/PIIS0140-6736(25)00237-5/fulltext
"Covid, inflation, and Supreme Court blamed for steep drop in Native American medical school enrollment",web recommended,0.0,Usha Lee McFarling,STAT,american medicine,https://www.statnews.com/2025/02/25/native-american-medical-school-enrollment-drop-covid-inflation-supreme-court-ruling-blamed/
Physicians take fight for Medicare payment reform to Capitol Hill,web recommended,0.0,Bruce A. Scott M.D.,AMA,american medicine,https://www.ama-assn.org/about/leadership/physicians-take-fight-medicare-payment-reform-capitol-hill
Physician at Alabama’s USA Health selected for international sports medicine fellowship,web recommended,0.0,Michelle Ryan,Alabama News Center,american medicine,https://alabamanewscenter.com/2025/02/25/physician-at-alabamas-usa-health-selected-for-international-sports-medicine-fellowship/
America Is a World Leader in Medicine Development,web recommended,0.3051686851793194,Kirsten Axelsen,AEI,american medicine,https://www.aei.org/op-eds/america-is-a-world-leader-in-medicine-development/
Black HEALTHstory Month Lecture Explores Racial Integration in American Medicine,web recommended,0.2412753609178919, Lucy Gardner Carson,University of Vermont,american medicine,https://www.uvm.edu/larnermed/medcommunications/news/black-healthstory-month-lecture-explores-racial-integration
2 in 3 physicians are using health AI—up 78% from 2023,web recommended,0.0,Tanya Albert Henry,AMA,american medicine,http://ama-assn.org/practice-management/digital/2-3-physicians-are-using-health-ai-78-2023
"As prior authorization burden grows, so does momentum for change",web recommended,0.0,Andis Robeznieks,AMA,american medicine,https://www.ama-assn.org/practice-management/prior-authorization/prior-authorization-burden-grows-so-does-momentum-change
"Worst flu season: Influenza virus spread, new bird flu cases in the U.S., plus measles outbreak update",web recommended,0.0,,AMA,american medicine,https://www.ama-assn.org/delivering-care/public-health/worst-flu-season-influenza-virus-spread-new-bird-flu-cases-us-plus#
"Annals of Family Medicine: Many Americans Overestimate U.S. Primary Care Spending, Study Finds",web recommended,0.6015326015835201,,PR Newswire,american medicine,https://www.prnewswire.com/news-releases/annals-of-family-medicine-many-americans-overestimate-us-primary-care-spending-study-finds-302384181.html
"Physician contracting: Restrictive covenants, termination clauses",web recommended,0.0,Staff News Writer,AMA,american medicine,https://www.ama-assn.org/medical-residents/transition-resident-attending/physician-contracting-restrictive-covenants
Sounding The Alarm On The Effect Of Call Centers On American Medicine,web recommended,0.7847716803544021,Sachin H. Jain,Forbes,american medicine,https://www.forbes.com/sites/sachinjain/2024/12/09/sounding-the-alarm-on-the-effect-of-call-centers-on-american-medicine/
"NIH Funding Cuts Would Hobble U.S. Medical Research, Insider Says",web recommended,0.8221998389206127,Dan Vergano,Scientific American,american medicine,https://www.scientificamerican.com/article/nih-funding-cuts-would-hobble-u-s-medical-research-insider-says/
Telehealth advocates turn up the pressure as Medicare deadline nears,GPT recommended,0.0,Maya Goldman,Axios,american medicine,https://www.axios.com/2025/02/27/telehealth-advocates-medicare-deadline-congress?utm_source=chatgpt.com
Doctors Explain When Flu-Like Symptoms Warrant an ER Visit,GPT recommended,0.8132234039233593,,Health.com,american medicine,https://www.health.com/here-s-when-your-flu-like-symptoms-warrant-a-trip-to-the-er-according-to-doctors-11685330?utm_source=chatgpt.com
Orthopedic Sports Medicine office to relocate to new US 31 location,GPT recommended,0.0,Michelle Fedder,Manistee News,american medicine,https://www.manisteenews.com/news/article/orthopedic-sports-medicine-manistee-relocation-20163906.php?utm_source=chatgpt.com
‘Because he’s shaking hands’: White House brushes off Donald Trump ‘bruise’ speculation,GPT recommended,0.0,,News.com.au,american medicine,https://www.news.com.au/lifestyle/health/health-problems/because-hes-shaking-hands-white-house-brushes-off-donald-trump-bruise-speculation/news-story/63e1964aae107d054c4547be8e76b15f?utm_source=chatgpt.com
Grad School Is in Trouble,GPT recommended,0.6104805587688533,Ian Bogost,The Atlantic,american medicine,https://www.theatlantic.com/science/archive/2025/02/grad-school-admissions-trump-cuts/681848/?utm_source=chatgpt.com
"US to axe grants to 10,000 aid organisations",GPT recommended,0.0,,Financial Times,american medicine,https://www.ft.com/content/f005e9cc-2364-4127-94c5-5155899cae6e?utm_source=chatgpt.com
1 big thing: Universities feel ripple effects of DOGE cuts,GPT recommended,0.0,Tina Reed,Axios,american medicine,https://www.axios.com/newsletters/axios-vitals-b6d5fbf0-f38d-11ef-8ed9-2915fbf5db93?utm_source=chatgpt.com
US FDA to reconsider decision barring compounded versions of Lilly weight loss drug,GPT recommended,0.0,Brendan Pierson,Reuters,american medicine,https://www.reuters.com/business/healthcare-pharmaceuticals/fda-reconsider-decision-barring-compounded-versions-lilly-weight-loss-drug-2024-10-11/
"Use of opioid overdose antidote by laypersons rose 43% from 2020 to 2022, study finds",GPT recommended,0.0,Sam Tupper,CNN,american medicine,https://www.cnn.com/2024/10/14/health/naloxone-bystander-usage/index.html
"Reps back reforms to Medicare Physician Fee Schedule, starting with physician reimbursement",GPT recommended,0.0,Richard Payerchin,Medical Economics,american medicine,https://www.medicaleconomics.com/view/reps-back-reforms-to-medicare-physician-fee-schedule-starting-with-physician-reimbursement
US FDA pauses Novavax's trial of combo COVID-flu shot on safety concerns,GPT recommended,0.8491840200395951,Bhanvi Satija,Reuters,american medicine,https://www.reuters.com/business/healthcare-pharmaceuticals/us-fda-places-trials-two-novavax-vaccines-hold-2024-10-16/
"Tobacco use among U.S. pre-teens, teens has dropped to lowest levels seen in 25 years",GPT recommended,0.0,,AMA,american medicine,https://www.ama-assn.org/about/publications-newsletters/top-news-stories-ama-morning-rounds-week-oct-14-2024?utm_source=chatgpt.com
"FDA Approves First At-Home Flu Vaccine, But Availability Delayed Until Next Season",GPT recommended,0.44268194208450595,Staff Reporter,The Universal News Network,american medicine,https://theunn.com/fda-approves-first-at-home-flu-vaccine-but-availability-delayed-until-next-season/
"Sickle cell cure may expand access, lower cost",GPT recommended,0.0,Maya Goldman,Axios,american medicine,https://www.axios.com/newsletters/axios-vitals-b6d5fbf0-f38d-11ef-8ed9-2915fbf5db93?utm_source=chatgpt.com
American Medical Association president calls abortion pill ruling 'most brazen attack on Americans' health',GPT recommended,0.0,Lindsay Kornick,FOX News,american medicine,https://www.foxnews.com/media/american-medical-association-president-calls-abortion-pill-ruling-brazen-attack-americans-health?utm_source=chatgpt.com
‘The White Lotus’ New Season Tackles Our Wellness Obsession,web recommended,0.7816312360706296,Esther Zuckerman,The Wall Street Journal,wellness,https://www.wsj.com/arts-culture/television/white-lotus-season-3-thailand-resort-natasha-rothwell-wellness-19002469
"Wellness Weekend at the Inn features yoga, spa treatments, restaurant takeover",web recommended,0.0,Karen Billing,San Diego Union-Tribune,wellness,https://www.sandiegouniontribune.com/2025/03/02/inn-wellness-weekend-features-yoga-spa-treatments-restaurant-takeover/
Colorful new Humboldt Park wellness center is also an Rx for architectural blahs,web recommended,0.0,Lee Bey,Chicago Sun Times,wellness,https://chicago.suntimes.com/columnists/2025/02/28/humboldt-park-wellness-center-puerto-rican-culture-architecture-lee-bey
Soap to supremacy: The rise of white wellness,web recommended,0.0,Mark Hay,Aljazeera,wellness,https://www.aljazeera.com/features/longform/2025/2/2/how-white-nationalists-infiltrated-the-wellness-movement
Are you falling for wellness misinformation online? Here’s how to tell,web recommended,0.0,Adrienne Matei,The Guardian,wellness,https://www.theguardian.com/wellness/2025/jan/08/health-misinformation-online-tips
"Wellness blogger Belle Gibson lied about having cancer. Years later, Australia is still chasing her",web recommended,0.0,Charlotte Graham-McLay,AP News,wellness,https://apnews.com/article/belle-gibson-netflix-apple-cider-vinegar-australia-influencer-2c683dea3b06e204b261ba3d83919ad2
What to Know About the Wellness Guru who Faked Cancer and Inspired Netflix’s Apple Cider Vinegar,web recommended,0.27228126403626063,Olivia B. Waxman,TIME,wellness,https://time.com/7213216/apple-cider-vinegar-true-story-netflix/
Bad wellness advice is all over social media. These creators are pushing back,web recommended,0.0,Jude Joffe-Block,NPR,wellness,https://www.npr.org/2025/02/20/nx-s1-5277087/wellness-influencers-science-creators-maha-rfk-jr
"The best smart rings to help track sleep, wellness and more",web recommended,0.02,Alex Lee,The Independent,wellness,https://www.the-independent.com/extras/indybest/gadgets-tech/best-smart-rings-b2503253.html
RFK Jr. proposed sending addicts to taxpayer-funded ‘wellness farms’ to tackle drug crisis,web recommended,0.0,Fox News,New York Post,wellness,https://nypost.com/2025/01/26/us-news/rfk-jr-proposed-taxpayer-funded-wellness-farms-to-deal-with-opioid-addiction/
Local Artist Partners with Soul Dive Yoga to Inspire Wellness for Locals 55+,web recommended,0.1389920627792114,,NBC Palm Springs,wellness,https://www.nbcpalmsprings.com/2025/03/02/local-artist-partners-with-soul-dive-yoga-to-inspire-wellness-for-locals-55
"Premier Community HealthCare’s Spring Health, Wellness & Fun Fest",web recommended,0.698507441267008,,Suncoast News,wellness,https://www.suncoastnews.com/news/premier-community-healthcare-s-spring-health-wellness-fun-fest/collection_11c9964a-f783-11ef-afb1-73c1cf42d2fa.html
New Workshops Focus on Wellness and Creativity for Grievers and Caregivers,web recommended,0.07999164271738002,,Eye On Annapolis,wellness,https://www.eyeonannapolis.net/2025/03/new-workshops-focus-on-wellness-and-creativity-for-grievers-and-caregivers/
Arcadia mansion with wellness center listed for $15 million,web recommended,0.0,Angela Gonzales ,Phoenix Business Journal,wellness,https://www.bizjournals.com/phoenix/news/2025/03/02/arcadia-mansion-wellness-center-listed.html
Special Olympics Utah hosts first-of-its-kind Health & Wellness Fair,web recommended,0.004089285714285715,Amy Nay,FOX 13 Now,wellness,https://www.fox13now.com/news/positively-utah/special-olympics-utah-hosts-first-of-its-kind-health-wellness-fair
Deliciously Ella: ‘The wellness industry? We’re overdue some sanity’,GPT recommended,0.0,Michael Odell,The Times,wellness,https://www.thetimes.com/life-style/food-drink/article/deliciously-ella-apple-cider-vinegar-vegan-v6gw9zxz7?utm_source=chatgpt.com&region=global
"Here are the x-rated treatments you need to stop right now — trust me, I’m a doctor",GPT recommended,0.0,Dr Zac Turner,New York Post,wellness,https://nypost.com/2025/03/02/health/australians-dirty-little-hygiene-secret/?utm_source=chatgpt.com
GIRL GONE WILDE Olivia Wilde goes braless in totally see-through lace dress at Vanity Fair Oscars party after debuting new boyfriend,GPT recommended,0.3790568969709836,Mollie Quirk,The Sun,wellness,https://www.thesun.co.uk/tvandshowbiz/33648625/olivia-wilde-braless-totally-see-through-lace-dress-oscars/?utm_source=chatgpt.com
Worrying divide in Australians’ mental health,GPT recommended,0.0,Natalie Brown,News.com.au,wellness,https://www.news.com.au/lifestyle/health/mental-health/worrying-divide-in-australians-mental-health/news-story/5b459ff9cb1b4e449bad8b1e70bae21f?utm_source=chatgpt.com
Halle Berry Says Perimenopause Made Sex Feel like 'Razor Blades',GPT recommended,0.5541647877079587,Cara Lynn Shultz,People,wellness,https://people.com/halle-berry-says-perimenopause-made-sex-feel-like-razor-blades-11688464?utm_source=chatgpt.com
Explore the 'Healthiest Home in America' (and the Wellness Features Worth Incorporating),GPT recommended,0.005847333579784132,Kara Walsh,Better Homes & Gardens,wellness,https://www.bhg.com/healthiest-home-in-america-8797332?utm_source=chatgpt.com
It’s not just Belle Gibson: Wellness TikTok is full of dangerous ‘health’ advice,GPT recommended,0.0,Hellen Coffey,The Independent,wellness,https://www.the-independent.com/life-style/tiktok-health-wellness-medical-advice-belle-gibson-b2706490.html?utm_source=chatgpt.com
International Luxury Hotel Association And Matrix Fitness Join Forces To Redefine Wellness In Luxury Hospitality,GPT recommended,0.7487832407583522,,Travel and Tour World,wellness,https://www.travelandtourworld.com/news/article/international-luxury-hotel-association-and-matrix-fitness-join-forces-to-redefine-wellness-in-luxury-hospitality/?utm_source=chatgpt.com
SIX SENSES INTRODUCES INAUGURAL FEMALE WELLNESS PROGRAM,GPT recommended,0.7959166666666667,HCNME Digital Editor,Hotel & Catering,wellness,https://hotelandcatering.com/hotel-news-me/six-senses-introduces-inaugural-female-wellness-program?utm_source=chatgpt.com
Healthy Brain & Body brings holistic wellness approach to Owensboro,GPT recommended,0.0,John Kirkpatrick,The Owensboro Times,wellness,https://www.owensborotimes.com/news/2025/03/healthy-brain-body-brings-holistic-wellness-approach-to-owensboro/?utm_source=chatgpt.com
RFK Jr.'s plan to combat addiction: 'wellness farms',GPT recommended,0.0,Alec Schemmel,FOX News,wellness,http://foxnews.com/politics/how-rfk-jr-wants-help-treat-addiction-wellness-farms?utm_source=chatgpt.com
'Grey's Anatomy' Star Kate Walsh Shares Healthy Habits for Cancer Prevention,GPT recommended,0.3212687698061139,,Healthline,wellness,https://www.healthline.com/health-news/kate-walsh-greys-anatomy-early-cancer-screening
Mayo Clinic recognized as ‘World’s Best Hospital’ by Newsweek for the seventh straight year,GPT recommended,0.0,Joel Streed,Mayo Clinic,wellness,https://newsnetwork.mayoclinic.org/discussion/mayo-clinic-recognized-as-worlds-best-hospital-by-newsweek-for-the-seventh-straight-year/
VIDEO: Researchers find caregiving worsens menopause symptoms,GPT recommended,0.23317784576045422,Deb Balzer,Mayo Clinic,wellness,https://newsnetwork.mayoclinic.org/discussion/video-researchers-find-caregiving-worsen-menopause-symptoms/
The New Thinking on Concussions in Sports,GPT recommended,0.012990140022144048,Louise Radnofsky,The Wall Street Journal,wellness,https://www.wsj.com/sports/the-new-thinking-on-concussions-in-sports-a6dab66f?mod=wellness_news_article_pos1
Experts worry that public health turmoil could make bird flu deadlier,web recommended,0.0,Paul Sisson,The San Diego Union-Tribune,public health,https://www.sandiegouniontribune.com/2025/03/02/experts-worry-that-public-health-turmoil-could-make-bird-flu-deadlier/
"Travis County infant tests positive for measles, Austin Public Health says",web recommended,0.0,Gabby Jimenez,KSAT,public health,https://www.ksat.com/news/local/2025/03/01/travis-county-infant-tests-positive-for-measles-austin-public-health-says/
Champaign restaurant sues public health district over food storage temperature,web recommended,0.0,Jack Krumm,WCIA,public health,https://www.wcia.com/news/champaign-county/champaign-restaurant-sues-public-health-district-over-food-storage-temperature/
Postponing last week’s vaccine meeting endangers Americans’ health,web recommended,0.0,Tom Frieden,The Hill,public health,https://thehill.com/opinion/healthcare/5169913-postponing-last-weeks-vaccine-meeting-endangers-americans-health/
USAID funding cuts could impact Taiwan's health system: Doctor,web recommended,0.02300421557717006,"James Thompson, Chen Chien-ling",Focus Taiwan,public health,https://focustaiwan.tw/society/202503020009
Nonprofit Disputes Public Health’s Beach Safety Declaration,web recommended,0.4457394694637636,,Santa Monica Mirror,public health,https://smmirror.com/2025/03/nonprofit-disputes-public-healths-beach-safety-declaration/
Mayor Frank Scott Jr. declares housing a public health emergency in Little Rock,web recommended,0.0,Kathryn Roley,THV11,public health,https://www.thv11.com/article/news/local/housing-public-health-emergency-little-rock/91-5fa8676a-cd23-4281-ba62-b0f6af15fc24
Opinion - The US is losing its next generation of health scientists,web recommended,0.0,"James Alwine, Elizabeth Jacobs",The Hill,public health,https://www.yahoo.com/news/opinion-us-losing-next-generation-180000627.html
‘Deadly consequences’: Health agencies reel from thousands of job cuts while critical research grants remain on hold,web recommended,0.0,Meg Tirrell,CNN,public health,https://www.cnn.com/2025/02/23/health/public-health-job-cuts/index.html
Trump Cuts Target Next Generation of Scientists and Public Health Leaders,web recommended,0.2082357696481988,Sheryl Gay Stolberg,The New York Times,public health,https://www.nytimes.com/2025/02/18/us/politics/fda-cdc-health-department-trump.html
"College of Behavioral, Social and Health Sciences establishes interdisciplinary Embedded Faculty Scholar Program with the South Carolina Department of Public Health",web recommended,0.018983216237314596,Shelley Gordon,Clemson News,public health,https://news.clemson.edu/college-of-behavioral-social-and-health-sciences-establishes-interdisciplinary-embedded-faculty-scholar-program-with-the-south-carolina-department-of-public-health/
"Daniel Beaudoin—facilities director, mountain climber, public health enthusiast",web recommended,0.0,"Anna Webster, Patrick Carey",Harvard T.H. Chan School of Public Health,public health,https://hsph.harvard.edu/news/daniel-beaudoin-facilities-director-mountain-climber-public-health-enthusiast/
Nonprofit Disputes Public Health’s Beach Safety Declaration,web recommended,0.4457394694637636,,Yo! Venice,public health,https://yovenice.com/2025/03/02/nonprofit-disputes-public-healths-beach-safety-declaration/
Measles Outbreaks in the U.S. Highlight the Importance of Vaccination,web recommended,0.02398655281337877,Aliza Rosen,Johns Hopkins Bloomberg School of Public Health,public health,https://publichealth.jhu.edu/2025/what-to-know-about-measles-and-vaccines
School of Public Health professor named to new faculty leadership program,web recommended,0.0,Milledge Austin,Jagwire,public health,https://jagwire.augusta.edu/school-of-public-health-professor-named-to-new-faculty-leadership-program/
MPs underline risks of toxic lead paint in English homes,GPT recommended,0.0,,Financial Times,public health,https://www.ft.com/content/f1a50491-9e69-4f89-b5b8-6ff3da53e838
Left in the dark: Doctors sound the alarm over child deaths,GPT recommended,0.0,,The Daily Telegraph,public health,https://www.dailytelegraph.com.au/subscribe/news/1/?sourceCode=DTWEB_WRE170_a_GGL&dest=https%3A%2F%2Fwww.dailytelegraph.com.au%2Fhealth%2Fleft-in-the-dark-doctors-sound-the-alarm-over-child-deaths%2Fnews-story%2F5110efafe11eb1ffb1d87cbbc8add10f&memtype=anonymous&mode=premium&v21=GROUPA-Segment-2-NOSCORE
"Dysentery, the diarrhea-inducing bacterial infection, on the rise in Oregon",GPT recommended,0.0,,New York Post,public health,https://nypost.com/2025/03/01/us-news/dysentery-the-diarrhea-inducing-bacterial-infection-on-the-rise-in-oregon/?utm_source=chatgpt.com
"A seismic shift in the NHS has just been announced, and no one even noticed",GPT recommended,0.0,Robert Colvile,The Times,public health,https://www.thetimes.com/comment/columnists/article/a-seismic-shift-in-the-nhs-has-just-been-announced-and-no-one-even-noticed-89gcg277m?utm_source=chatgpt.com&region=global
What is melioidosis? The deadly disease spreading in Australia,GPT recommended,0.0,Sarah Mitchell,The Advertiser,public health,https://www.adelaidenow.com.au/lifestyle/what-is-melioidosis-the-deadly-disease-spreading-in-australia/news-story/05448740ef803a0ead29f8175670474b?utm_source=chatgpt.com
‘We’re losing decades of our life to this illness’: long Covid patients on the fear of being forgotten,GPT recommended,0.0,Kathryn Bromwich,The Guardian,public health,https://www.theguardian.com/society/2025/mar/02/were-losing-decades-of-our-life-to-this-illness-long-covid-patients-on-the-fear-of-being-forgotten?utm_source=chatgpt.com
FDA Abruptly Cancels Critical Flu Shot Meeting,GPT recommended,0.2349570662331778,Cheryl Clark,Medpage Today,public health,https://www.medpagetoday.com/special-reports/features/114399
"As the Texas outbreak grows, how contagious is measles, really?",GPT recommended,0.0,"Maria Godoy, Alyson Hurt",NPR,public health,https://www.npr.org/sections/shots-health-news/2025/02/28/nx-s1-5312088/measles-texas-outbreak-contagious-spread
Upheaval and firings at CDC raise fears about disease outbreak response,GPT recommended,0.0,"Will Stone, Pien Huang",NPR,public health,https://www.npr.org/sections/shots-health-news/2025/02/25/nx-s1-5307117/cdc-firings-infectious-disease-response
Iowa has high cancer rates. Trump's cuts to CDC and NIH are already hitting the state,GPT recommended,0.0007891682785299806,Yuki Noguchi,NPR,public health,https://www.npr.org/sections/shots-health-news/2025/02/28/nx-s1-5312108/trump-budget-cuts-nih-cdc-cancer-iowa
​CDPH Warns Against Drinking Second Lot of Raw Milk Following Bird Flu Detection ​,GPT recommended,0.9250707355511184,,California Department of Public Health,public health,https://www.cdph.ca.gov/Programs/OPA/Pages/NR24-042.aspx
​​​CDPH Reminds Public of Rabies Precautions Following Death of Fresno County Resident ,GPT recommended,0.6432076070698061,,California Department of Public Health,public health,https://www.cdph.ca.gov/Programs/OPA/Pages/NR24-040.aspx
CDPH Warns of Possible Norovirus Infections from Imported Raw Korean Oysters ,GPT recommended,0.7849578140107412,,California Department of Public Health,public health,https://www.cdph.ca.gov/Programs/OPA/Pages/NR24-012.aspx
CDPH Warns Consumers Not to Drink Illegal Mary Jones Hemp-Infused Sodas ​​,GPT recommended,0.7744053043228273,,California Department of Public Health,public health,https://www.cdph.ca.gov/Programs/OPA/Pages/NR24-014.aspx
Measles: Risks and What to Do If You Come In Contact With Measles,GPT recommended,0.8408472304735731,Rena Goldman,U.S. News & World Report,public health,https://health.usnews.com/wellness/articles/measles-risks-and-what-to-do-if-you-come-in-contact
Dynasty behind US egg giant looks to cash in as profits soar amid bird flu,web recommended,0.0,"Taylor Nicole Rogers, Patrick Temple-West ",Financial Times,bird flu,https://www.ft.com/content/ef12d393-8a2a-44d2-b5d9-f143369d6697
Trump administration unveils bird flu plan as egg prices soar,web recommended,0.0,Brandon Drenon,BBC,bird flu,https://www.bbc.com/news/articles/cq6yy9e368vo
Trump’s got a bird flu plan. So when will eggs stop costing so much?,web recommended,0.0,John Towfighi,CNN,bird flu,https://www.cnn.com/2025/02/27/economy/bird-flu-egg-prices-higher/index.html
Are egg producers inflating prices during the bird flu outbreak to boost profits?,web recommended,0.0,Josh Funk,AP News,bird flu,https://apnews.com/article/record-high-egg-prices-bird-flu-profits-1e3d66b4af9556a503125cf8259b1647
"Bird flu devastates Cranberry’s Seggond Chance Farm, a sanctuary for misfit birds",web recommended,0.0,Mary-Ann Thomas,Pittsburg Post-Gazette,bird flu,https://www.post-gazette.com/news/health/2025/03/02/bird-flu-seggond-chance-farm-cranberry-hpai/stories/202503010058
Sacramento doctor: Not every child will beat the odds if we don’t take bird flu seriously,web recommended,0.0,Jeremy Sanchez,The Sacramento Bee,bird flu,https://www.sacbee.com/opinion/op-ed/article301153584.html
Experts worry that public health turmoil could make bird flu deadlier,web recommended,0.0,Paul Sisson,The San Diego Union-Tribune,bird flu,https://www.sandiegouniontribune.com/2025/03/02/experts-worry-that-public-health-turmoil-could-make-bird-flu-deadlier/
WHAT THEY ARE SAYING: Strong Support for USDA’s Actions to Combat Avian Flu,web recommended,0.9282762517009461,,USDA,bird flu,https://www.usda.gov/about-usda/news/press-releases/2025/02/27/what-they-are-saying-strong-support-usdas-actions-combat-avian-flu
Bird flu found in Bernalillo County,web recommended,0.0,"Fallon Fischer,  Melissa Torres",KRQE News,bird flu,https://www.krqe.com/news/albuquerque-metro/bird-flu-found-in-bernalillo-county/
Long Island duck farmer’s new hope after bird flu wipes out flock,web recommended,0.0,,NBC News,bird flu,https://www.nbcnews.com/nightly-news/video/long-island-duck-farmer-s-new-hope-after-bird-flu-wipes-out-flock-233231941802
Cat euthanized in New Jersey after becoming sick from bird flu,web recommended,0.0,6abc digital staff,Whyy,bird flu,https://whyy.org/articles/cat-euthanized-bird-flu-new-jersey/
Second US company recalls pet food as bird flu spreads to cats through tainted meat,web recommended,0.0,Melody Schreiber,The Guardian,bird flu,https://www.theguardian.com/us-news/2025/feb/28/cats-bird-flu
Another Popular Cat Food Has Been Linked to Bird Flu Igniting More Fear in Pet Parents,web recommended,0.8530123446774459,Devan McGuinness,ParadePets,bird flu,https://www.yahoo.com/lifestyle/another-popular-cat-food-linked-211000367.html
The US May Start Vaccinating Chickens Against Bird Flu,web recommended,0.8776956217217983,Emily Mullin,WIRED,bird flu,https://www.wired.com/story/chickens-vaccines-us-bird-flu/
Iconic Sandhill cranes face mass die-off in bird flu outbreak,web recommended,0.0,"Trevor Hughes, Dinah Voyles Pulver",USA Today,bird flu,https://www.usatoday.com/story/news/nation/2025/02/28/bird-flu-outbreak-kills-migratory-sandhill-cranes/80700275007/
"Egg prices could jump 41% this year, USDA says, as Trump’s bird flu plan is unveiled",GPT recommended,0.0,"Josh Funk, Josh Boak",AP News,bird flu,https://apnews.com/article/record-egg-prices-usda-bird-flu-virus-92e9f5fbc4e0a792be484a4aee5b9c16
EVOLVING BUG Two more cats positive for H5N1 bird flu amid scientists’ fears it spreads by WIND,GPT recommended,0.9522502967941022,Isabel Shaw,The Scottish Sun,bird flu,https://www.thescottishsun.co.uk/health/14414815/bird-flu-cats-h5n1-spreads-by-wind/?utm_source=chatgpt.com
"The Bird Flu Could Be Way Worse Than We Know, According to Experts",GPT recommended,0.913546012153371,Stacey Leasca,Food & Wine,bird flu,https://www.foodandwine.com/avian-influenza-transmission-endemic-in-cows-11686288?utm_source=chatgpt.com
Michigan’s cage-free egg law takes effect amid bird flu crisis,GPT recommended,0.0,Jhyrah DeLapp,Michigan's Thumb,bird flu,https://www.michigansthumb.com/news/article/michigan-s-cage-free-egg-law-takes-effect-amid-20186996.php?utm_source=chatgpt.com
H5 Highly Pathogenic Avian Influenza Confirmed in New Jersey Cat,GPT recommended,0.744668487259885,,New Jersey Department of Health,bird flu,https://www.nj.gov/health/news/2025/approved/20250228a.shtml?utm_source=chatgpt.com
Bird flu threatens backyard flocks in New Mexico,GPT recommended,0.0,Tamara Lopez,KOB4,bird flu,https://www.kob.com/news/top-news/bird-flu-threatens-backyard-flocks-in-new-mexico/?utm_source=chatgpt.com
First H5 Bird Flu Death Reported in United States,GPT recommended,0.9074233379453431,,CDC,bird flu,https://www.cdc.gov/media/releases/2025/m0106-h5-birdflu-death.html?utm_source=chatgpt.com
US egg farmers worry fight against bird flu is unwinnable as experts consider vaccinations: ‘I call this virus a terrorist’,GPT recommended,0.0, Katherine Donlevy,New York Post,bird flu,https://nypost.com/2025/02/15/us-news/us-egg-farmers-concerned-bird-flu-unwinnable-as-experts-consider-vaccinations/?utm_source=chatgpt.com
Bird Flu Cases in People Are Being Undercounted,GPT recommended,0.5722073718430072,,Wikipedia,bird flu,https://en.wikipedia.org/wiki/2020%E2%80%932025_H5N1_outbreak?utm_source=chatgpt.com
Sandhill crane deaths from bird flu in eastern U.S. has Nebraska on alert,GPT recommended,0.0,Andrew Ozaki,KETV,bird flu,https://www.ketv.com/article/nebraska-on-alert-sandhill-crane-death/63983997
"Officials: 90 dead birds removed from pond, deaths possibly caused by bird flu",GPT recommended,0.0,Andrew McMunn,Western Mass News,bird flu,https://www.westernmassnews.com/2025/03/02/officials-90-dead-birds-removed-pond-deaths-possibly-caused-by-bird-flu/
"As bird flu spreads, feds might undercut states by firing scientists, removing data",GPT recommended,0.0,Nada Hassanein,Source NM,bird flu,https://sourcenm.com/2025/03/02/as-bird-flu-spreads-feds-might-undercut-states-by-firing-scientists-removing-data/
USDA unveils a $1 billion plan to address the egg crisis,GPT recommended,0.0,"Manuela López Restrepo, Scott Horsley",NPR,bird flu,https://www.npr.org/2025/02/28/g-s1-51270/egg-prices-usda-bird-flu
"From backyard chickens to house cats, the bird flu is spreading. Do you need to worry about another pandemic?",GPT recommended,0.0,Katie Kerwin McCrimmon,UCHealth,bird flu,https://www.uchealth.org/today/latest-in-bird-flu-news/
H5 Bird Flu: Current Situation,GPT recommended,0.7581944742364136,", ",CDC,bird flu,http://cdc.gov/bird-flu/situation-summary/index.html
Global effort enhances clinical care for children with rare genetic diseases,web recommended,0.0,Murdoch Children's Research Institute,Medical XPress,global medicine,https://medicalxpress.com/news/2025-02-global-effort-clinical-children-rare.html
Global patterns and trends in breast cancer incidence and mortality across 185 countries,web recommended,0.0,"Joanne Kim, Andrew Harper, Valerie McCormack",Nature,global medicine,https://www.nature.com/articles/s41591-025-03502-3
Innovative finance brings new river blindness medicine to Africa,web recommended,0.0,Sara Jerving,Devex,global medicine,https://www.devex.com/news/innovative-finance-brings-new-river-blindness-medicine-to-africa-109137
"Global Pharmaceutical Market Size to Worth USD 2845.3 Billion by 2032, Rising Healthcare Expenditure and Innovations in Drug Research Propels Growth | Research by SNS Insider",web recommended,0.4512580483218052,,Yahoo Finance,global medicine,https://finance.yahoo.com/news/global-pharmaceutical-market-size-worth-143000322.html
Why an aspiring doctor left medicine behind to pursue global health policy,web recommended,0.0,,McCourt School of Public Policy Georgetown University,global medicine,https://mccourt.georgetown.edu/news/rosie-poling-global-health-policy/
A little-known Chinese company made a drug that beat the world’s biggest-selling medicine,web recommended,0.0,"Wayne Chang, Will Ripley, Eric Cheung",CNN,global medicine,https://www.cnn.com/2025/02/25/business/china-biotech-global-disruption-intl-hnk/index.html
"Global Medicine Blister Packaging Market to Hit USD 38.8 Billion by 2035, Driven by Sustainability Trends | Future Market Insights, Inc.",web recommended,0.15668312152835487,,Globe Newswire,global medicine,https://www.globenewswire.com/news-release/2025/02/19/3029001/0/en/Global-Medicine-Blister-Packaging-Market-to-Hit-USD-38-8-Billion-by-2035-Driven-by-Sustainability-Trends-Future-Market-Insights-Inc.html
Crucial aid sits in warehouses worldwide as USAID employees are told to stop working,web recommended,0.0,Suzy Khimm,NBC News,global medicine,https://www.nbcnews.com/news/politics-news/trump-usaid-upheaval-paralyzing-global-delivery-food-medicine-rcna190565
Sierra Leone inaugurates 1st traditional Chinese medicine center,web recommended,0.0,Xinhua,Global Times,global medicine,https://www.globaltimes.cn/page/202503/1329316.shtml
"What’s Next in Medicine? Global Experts Discuss the Future, Far Reaching Effects at NXT Conclave 2025",web recommended,0.5456571287462283,Kriti Dhingra,NewsX,global medicine,https://www.newsx.com/health/whats-next-in-medicine-global-experts-discuss-the-future-far-reaching-effects-at-nxt-conclave-2025/
Arinze Okafor discusses the road to precision medicine and its impact on global health,web recommended,0.0,Chisom Michael,Business Day,global medicine,https://businessday.ng/interview/article/arinze-okafor-discusses-the-road-to-precision-medicine-and-its-impact-on-global-health/
Chewy Veterinary Leader JC Alvarado Colon: Bringing a global perspective to local action,web recommended,0.34825511323964053,Brooke Garcia,Colorado State University,global medicine,https://cvmbs.source.colostate.edu/chewy-veterinary-leader-jc-alvarado-colon-bringing-a-global-perspective-to-local-action/
Pandemic monitoring with global aircraft-based wastewater surveillance networks,web recommended,0.0,"Guillaume St-Onge, Jessica T. Davis, Laurent Hébert-Dufresne",Nature,global medicine,https://www.nature.com/articles/s41591-025-03501-4
The case for investing in global genomic medicine,web recommended,0.0,Mie Rizig,Nature,global medicine,https://www.nature.com/articles/s41591-024-03461-1
Biobanking with genetics shapes precision medicine and global health,web recommended,0.0,"C. Scott Gallagher, Geoffrey S. Ginsburg, Anjené Musick",Nature,global medicine,https://www.nature.com/articles/s41576-024-00794-y
"Psychiatric drug research held back by ‘stigma’, says top UK scientist",GPT recommended,0.0,,Financial Times,global medicine,https://www.ft.com/content/ad33706d-ae44-41c9-81ab-1ddd7550af1f?utm_source=chatgpt.com
"Breast cancer diagnoses and deaths expected to surge worldwide, says WHO",GPT recommended,0.0,Andrew Gregory,The Guardian,global medicine,https://www.theguardian.com/society/2025/feb/24/breast-cancer-diagnoses-deaths-surge-worldwide-who?utm_source=chatgpt.com
A new era of Made in America drug manufacturing,GPT recommended,0.0,Tina Reed,Axios,global medicine,https://www.axios.com/2025/02/27/eli-lilly-drug-manufacturing-trump-america?utm_source=chatgpt.com
"US to axe grants to 10,000 aid organisations",GPT recommended,0.0,,Financial Times,global medicine,https://www.ft.com/content/f005e9cc-2364-4127-94c5-5155899cae6e?utm_source=chatgpt.com
This New Drug Could Help End the HIV Epidemic—but US Funding Cuts Are Killing Its Rollout,GPT recommended,0.9559779937222159,David Cox,WIRED,global medicine,https://www.wired.com/story/lenacapavir-usaid-hiv-aids-funding-cuts/?utm_source=chatgpt.com
NHS watchdog blocks AstraZeneca breast cancer drug ,GPT recommended,0.004879077615298088,,Financial Times,global medicine,https://www.ft.com/content/d831c865-ae82-40f3-86a3-de43b53d25f0
"Fake British cough syrup linked to Cameroon child deaths was made in India, officials say",GPT recommended,0.0,Sam Lateef,The Telegraph,global medicine,https://www.telegraph.co.uk/global-health/science-and-disease/fake-british-cough-syrup-cameroon-child-deaths-india/
"Tea bags, takeaways and hot dogs linked to high levels of forever chemicals, American study finds",GPT recommended,0.0,,Euronews,global medicine,"https://www.euronews.com/green/2024/02/20/tea-bags-takeaways-and-hot-dogs-linked-to-high-levels-of-forever-chemicals-american-study-#:~:text=What%20foods%20were%20linked%20to,in%20the%20body%20over%20time."
The Macro Impacts of Microplastics,GPT recommended,0.03178772879762598,Brian W. Simpson,Johns Hopkins Bloomberg School of Public Health,global medicine,https://globalhealthnow.org/2025-02/macro-impacts-microplastics
"Africa’s medical system risks ‘collapse in next few years’, warns health leader",GPT recommended,0.0,Kat Lay,The Guardian,global medicine,https://www.theguardian.com/global-development/2025/feb/27/africas-medical-system-risks-collapse-in-next-few-years-warns-health-leader
Musk says work to stop Ebola was accidentally cut but restored. Experts raise doubts,GPT recommended,0.0,Gabrielle Emanuel,NPR,global medicine,https://www.npr.org/sections/goats-and-soda/2025/02/27/g-s1-50929/elon-musk-ebola-usaid
"‘Disruptive, unfair and cruel’: jobs lost and treatment stopped as USAid freeze hits HIV care in Zimbabwe",GPT recommended,0.0,Farai Shawn Matiashe,The Guardian,global medicine,https://www.theguardian.com/global-development/2025/feb/14/usaid-freeze-hits-hiv-aids-care-in-zimbabwe
Handouts are never free. The cruel US aid freeze is an opportunity for the Caribbean,GPT recommended,0.0,Kenneth Mohammed,The Guardian,global medicine,https://www.theguardian.com/global-development/2025/feb/18/united-states-trump-aid-freeze-opportunity-caribbean-oligarchy-small-island-developing-states-climate
Better Together: Building a Global Health Network Economy through Data Collaboratio,GPT recommended,0.2932293230292507,,World Economic Forum,global medicine,https://www.weforum.org/publications/better-together-building-a-global-health-network-economy-through-data-collaboration/
‘It’s a cowboy show out there’: the deadly lottery of the snakebite antivenom industry,GPT recommended,0.0,"Paul Eccles, Andjela Milivojevic, Rachel Schraer.",The Guardian,global medicine,https://www.theguardian.com/global-development/2025/feb/13/its-a-cowboy-show-out-there-the-deadly-lottery-of-the-snakebite-antivenom-industry
Cancer family 'financially broken' by benefits wait,web recommended,0.0,Aurelia Foster,BBC,cancer,https://www.bbc.com/news/articles/cr422y4evx0o
"Mia Love, first Black Republican congresswoman, faces worsening cancer prognosis, daughter says",web recommended,0.0,Kristin Chapman,CNN,cancer,https://www.cnn.com/2025/03/02/politics/mia-love-cancer-treatment-glioblastoma/index.html
"Shark Tank India 4: Pitchers claim of predicting Cancer, Heart Attack and other diseases with their DNA-based screenings; Aman Gupta reacts, 'Meri toh zindagi kharab ho jayegi'",web recommended,0.0,,Times of India,cancer,https://timesofindia.indiatimes.com/tv/news/hindi/shark-tank-india-4-pitchers-claim-of-predicting-cancer-heart-attack-and-other-diseases-with-their-dna-based-screenings-aman-gupta-reacts-meri-toh-zindagi-kharab-ho-jayegi/articleshow/118675838.cms
Terminal cancer patient 'scared' of dying at home,web recommended,0.0,Mairead Smyth,BBC,cancer,https://www.bbc.com/news/articles/c8e76lx6k94o
Auburn coach Hugh Freeze diagnosed with prostate cancer,web recommended,0.0,Mark Schlabach,ESPN,cancer,https://www.espn.com/college-football/story/_/id/44057548/auburn-coach-hugh-freeze-diagnosed-prostate-cancer
Inside the Ramallah hotel housing Gaza’s cancer patients,web recommended,0.0,,Al Jazeera,cancer,https://www.aljazeera.com/features/2025/3/2/inside-the-ramallah-hotel-housing-gazas-cancer-patients
‘I lost 90 per cent of my friends to my diagnosis’: The isolating reality of ‘cancer ghosting’,web recommended,0.0,Rachel Clun,The Independent,cancer,https://www.independent.co.uk/news/health/cancer-symptoms-ghosting-young-people-b2700127.html
Retired NYPD cop goes broke trying to save son from rare brain cancer: ‘We won’t give up’,web recommended,0.0,Susan Edelman,New York Post,cancer,https://nypost.com/2025/03/02/us-news/retired-nypd-cop-goes-broke-trying-to-save-son-from-cancer/
Mediterranean diet could help lower cancer risk in obesity,web recommended,0.0,Jessica Freeborn,Medical News Today,cancer,https://www.medicalnewstoday.com/articles/mediterranean-diet-could-help-lower-cancer-risk-in-obesity
Elissa's journey: A young mom's relentless battle for life after colorectal cancer hit,web recommended,0.0,Kristen Jordan Shamus,Detroit Free Press,cancer,https://www.freep.com/story/news/health/2025/03/02/colorectal-cancer-stage-4-elissa-robinson-mom/80019762007/
Enhancer reprogramming: critical roles in cancer and promising therapeutic strategies,web recommended,0.0,"Jinshou Yang, Feihan Zhou, Xiyuan Luo",Nature Cell Death Discovery,cancer,https://www.nature.com/articles/s41420-025-02366-3
Groundbreaking scanner could revolutionize breast cancer diagnosis and treatment,web recommended,0.0,,News Medical Life Sciences,cancer,https://www.news-medical.net/news/20250302/Groundbreaking-scanner-could-revolutionize-breast-cancer-diagnosis-and-treatment.aspx
A Rare White Blood Cell Boosts Cancer-Fighting Immune Cells,web recommended,0.9362523331956467,Sneha Khedkar,The Scientist,cancer,https://www.the-scientist.com/a-rare-white-blood-cell-boosts-cancer-fighting-immune-cells-72735
What cuts to NIH funding mean for cancer patients and their families,web recommended,0.0,Julia Busiek,University of California,cancer,https://www.universityofcalifornia.edu/news/what-cuts-nih-funding-mean-cancer-patients-and-their-families
12 new breakthroughs in the fight against cancer,web recommended,0.0,"Victoria Masterson, Ian Shine, Madeleine North",World Economic Forum,cancer,https://www.weforum.org/stories/2025/02/cancer-treatment-and-diagnosis-breakthroughs/
‘He’s a fighter’: nation awaits result of medical hero’s brain surgery,GPT recommended,0.0,,The Australian,cancer,https://www.theaustralian.com.au/subscribe/news/1/?sourceCode=TAWEB_WRE170_a&dest=https%3A%2F%2Fwww.theaustralian.com.au%2Fhealth%2Fmedical%2Ffederal-health-minister-among-well-wishers-for-melanoma-scientist-richard-scolyer%2Fnews-story%2Fb069216ba286ed2e54ec64803d9ff98b&memtype=anonymous&mode=premium&v21=GROUPB-Segment-1-NOSCORE&V21spcbehaviour=append
Young people with cancer in England face seven-month wait for disability benefits,GPT recommended,0.0,Aletha Adu,The Guardian,cancer,https://www.theguardian.com/society/2025/mar/02/young-people-cancer-england-face-seven-month-wait-disability-benefits?utm_source=chatgpt.com
"Melbourne mum, 35, dies from bowel cancer as Aussie rates spike in young people",GPT recommended,0.0,Rebekah Scanlan,news.com.au,cancer,https://www.news.com.au/lifestyle/health/health-problems/sydney-mum-35-dies-from-bowel-cancer-as-aussie-rates-spike-in-young-people/news-story/c7e6d500eaa9e0dc65d168b9b13134c0?utm_source=chatgpt.com
"ALL AT RISK I thought only unhealthy old smokers got lung cancer but I was 46, fit as a fiddle and given 5 years to live",GPT recommended,0.0,Emma Pryer,The Sun,cancer,"https://www.thesun.co.uk/health/33498022/old-smokers-lung-cancer-fit-healthy-lungs/#:~:text=WHEN%20Kerrie%20Mitchell%20found%20a,aside%20because%20of%20her%20age.&text=The%20truth%2C%20though%2C%20changed%20her%20life%20forever."
Support pours in for Labor MP battling brain cancer,GPT recommended,0.0,,The Courier Mail,cancer,https://www.couriermail.com.au/subscribe/news/1/?sourceCode=CMWEB_WRE170_a&dest=https%3A%2F%2Fwww.couriermail.com.au%2Fnews%2Fqueensland%2Flabor-mps-brave-fight-melissa-mcmahon-battles-brain-cancer%2Fnews-story%2F14aa44a827b506a12c701c0671e26b30&memtype=anonymous&mode=premium&v21=GROUPA-Segment-2-NOSCORE
Can AI Help Predict Which Cancer Patients Should Be Treated with Immunotherapy?,GPT recommended,0.6188405000474513,Sharon Reynolds,NIH National Cancer Institute,cancer,https://www.cancer.gov/news-events/cancer-currents-blog/2025/ai-predicts-cancer-immunotherapy-response-survival
Glycoproteomic Influence on NK Cell Response in Ovarian Cancer,GPT recommended,0.47030232528794685,,Physician's Weekly,cancer,https://www.physiciansweekly.com/glycoproteomic-influence-on-nk-cell-response-in-ovarian-cancer/
Artificial intelligence informs solutions for gastric cancer challenges,GPT recommended,0.0,,Mayo Clinic,cancer,https://www.mayoclinic.org/medical-professionals/cancer/news/artificial-intelligence-informs-solutions-for-gastric-cancer-challenges/mac-20533322
Certain genetic alterations may contribute to primary resistance of certain cancers to KRAS G12C inhibitors,GPT recommended,0.0,,Medical Xpress,cancer,https://medicalxpress.com/news/2025-02-genetic-contribute-primary-resistance-cancers.html?utm_source=chatgpt.com#google_vignette
New approach for studying drug-proteoform interactions can improve cancer treatments,GPT recommended,0.0,,Medical Xpress,cancer,https://medicalxpress.com/news/2025-02-approach-drug-proteoform-interactions-cancer.html
"In Early-Phase Pancreatic Cancer Clinical Trial, Investigational mRNA Vaccine Induces Sustained Immune Activity in Small Patient Group",GPT recommended,0.632990654955875,Jim Stallard,Memorial Sloan Kettering Cancer Center,cancer,https://www.mskcc.org/news/can-mrna-vaccines-fight-pancreatic-cancer-msk-clinical-researchers-are-trying-find-out?utm_source=chatgpt.com
"Tel Aviv University breaks new ground in cancer detection, treatment with new innovation",GPT recommended,0.0,,The Jerusalem Post,cancer,https://www.jpost.com/health-and-wellness/article-844413?utm_source=chatgpt.com#google_vignette
New immunotherapy platform could increase potential to target cancer cells,GPT recommended,0.0,,Stanford Report,cancer,https://news.stanford.edu/stories/2024/12/new-immunotherapy-platform-could-increase-potential-to-target-cancer-cells
Reimagining Cancer: Innovation-driven exploration and care,GPT recommended,0.0,,Stanford Medicine Magazine,cancer,https://stanmed.stanford.edu/issue/2025issue1/
Combination treatment strategy dramatically increases cell death in leukemia,GPT recommended,0.0,Blake Belden,Medical Xpress,cancer,https://medicalxpress.com/news/2025-02-combination-treatment-strategy-cell-death.html
