Title,GPT or Web,bias / sensationalism score,Author,Publisher,keyword,link,Sensation Score
CDC investigating hospitalizations of five people who recently received chikungunya vaccine,web recommended,,Jacqueline Howard,CNN,vaccine,https://www.cnn.com/2025/02/26/health/chikungunya-vaccine-cdc-investigating-hospitalizations/index.html,0.0
CDC seems to defy Trump executive order by participating in WHO vaccine conference,web recommended,,Stephen Sorace,FOX News,vaccine,https://www.foxnews.com/politics/cdc-seems-defy-trump-executive-order-participating-who-vaccine-conference,9.310634720470785e-05
"Meeting of US FDA vaccine advisers canceled, committee member says",web recommended,,"Dan Levine, Michael Erman",Reuters,vaccine,https://www.reuters.com/business/healthcare-pharmaceuticals/meeting-us-fda-vaccine-advisors-canceled-committee-member-says-2025-02-26/,0.005810120862601697
Vaccine meeting to prepare for coming winter’s flu season canceled,web recommended,,"Lena H. Sun, Rachel Roubein",The Washington Post,vaccine,https://www.washingtonpost.com/health/2025/02/26/fda-cancels-vaccine-meeting-flu/,0.0
Measles Outbreaks in the U.S. Highlight the Importance of Vaccination,web recommended,,Aliza Rosen,John's Hopkins Bloomberg School of Public Health,vaccine,https://publichealth.jhu.edu/2025/what-to-know-about-measles-and-vaccines,0.02398655281337877
FDA cancels pivotal advisory meeting about next season's flu vaccine,web recommended,,"Youri Benadjaoud, Sony Salzman, Eric M. Strauss, Dr. Mark Abdelmalek",ABC News,vaccine,https://abcnews.go.com/US/fda-cancels-pivotal-advisory-meeting-seasons-flu-vaccine/story?id=119234794,0.0
FDA cancels vaccine advisory committee meetin,web recommended,,Lizzy Lawrence,STAT,vaccine,https://www.statnews.com/2025/02/26/fda-cancels-vaccine-advisory-committee-meeting/,0.0
Do you need a measles vaccine booster? What to know as a Texas outbreak spreads,web recommended,,Sara Moniuszko,CBS News,vaccine,https://www.cbsnews.com/news/measles-vaccine-booster-what-to-know/,0.0
First doses announced in phase 2 trial for TB vaccine candidate,web recommended,,Chris Dall,CIDRAP,vaccine,https://www.cidrap.umn.edu/tuberculosis/first-doses-announced-phase-2-trial-tb-vaccine-candidate,0.0
Who Are the Mennonites and Why Are They Facing a Measles Outbreak?,web recommended,,Peter Smith,TIME,vaccine,https://time.com/7262199/mennonites-measles-outbreak-texas-vaccines-explainer/,0.23551880555349441
FDA cancels meeting to update next season's flu vaccines,web recommended,,Alexander Tin,CBS News,vaccine,https://www.cbsnews.com/news/fda-cancels-flu-vaccine-meeting/,0.0
Childhood vaccines: What research shows about their safety and potential side effects,web recommended,,Naseem S. Miller,The Journalist's Resource,vaccine,https://journalistsresource.org/home/childhood-vaccines-what-the-research-says-about-their-safety-and-side-effects/,0.0
Texas reports first death in measles outbreak,web recommended,,Stephanie Soucheray,CIDRAP,vaccine,cidrap.umn.edu/measles/texas-reports-first-death-measles-outbreak,0.0
Vaccine interest increasing in Austin as measles outbreak in West Texas worsens,web recommended,,Brianna Perez,KVUE ABC,vaccine,https://www.kvue.com/article/news/health/austin-vaccine-interest-increasing-measles-outbreak-west-texas-worsens/269-a1990013-bf62-4485-93b4-8fd99abdbf15,0.0
Measles death of unvaccinated child in Texas outbreak is 1st fatality in US in a decade,web recommended,,Mary Kekatos,ABC News,vaccine,https://abcnews.go.com/Health/1st-measles-death-linked-outbreak-texas-confirmed-child/story?id=119208967,0.0
The political rise of the anti-vax movement,GPT recommended,,,Financial Times,vaccine,https://www.ft.com/content/d4199db2-01c1-4260-ac60-0f547a6a2fbe?utm_source=chatgpt.com,0.0
VAX HORROR Traumatized Scots 'gaslit' by health bosses after horror complications from Covid vaccine,GPT recommended,,Sian Maher,The Scottish Sun,vaccine,https://www.thescottishsun.co.uk/news/14028072/covid-vaccine-injuries-horror-complications-coronavirus/?utm_source=chatgpt.com,0.05044560205741399
State lawmakers are pushing for vaccine exemptions even as childhood vaccination rates fall,GPT recommended,," Susan Haigh, Devi Shastri",AP News,vaccine,https://apnews.com/article/vaccines-whooping-cough-rfk-measles-exemptions-covid-27dae6f61505ef1953ca869a78c71942?utm_source=chatgpt.com,0.0
Antibody Treatment Prevents Severe Bird Flu in Monkeys,GPT recommended,,University of Pittsburgh,ScienceDaily,vaccine,https://www.sciencedaily.com/releases/2025/01/250130161626.htm,0.7256361601853052
A therapeutic HPV vaccine could eliminate precancerous cervical lesions,GPT recommended,,American Association for Cancer Research,ScienceDaily,vaccine,https://www.sciencedaily.com/releases/2025/01/250124151355.htm,0.0
Hepatitis E vaccination is effective in an epidemic,GPT recommended,,Université de Genève,ScienceDaily,vaccine,https://www.sciencedaily.com/releases/2025/01/250114125138.htm,0.0
Self-destructing vaccine offers enhanced protection against tuberculosis in monkeys,GPT recommended,,University of Pittsburgh,ScienceDaily,vaccine,https://www.sciencedaily.com/releases/2025/01/250110121922.htm,0.0
Researchers Discover Class of Anti-Malaria Antibodies,GPT recommended,,NIH/National Institute of Allergy and Infectious Diseases,ScienceDaily,vaccine,https://www.sciencedaily.com/releases/2025/01/250103124926.htm,0.09516584897938146
Americans Are Uninformed About and Undervaccinated for HPV,GPT recommended,,University of Southern California - Health Sciences,ScienceDaily,vaccine,https://www.sciencedaily.com/releases/2024/12/241210114948.htm,0.5165764049053789
"U.S. Department of Agriculture Announces 15 Additional States Onboard With National Milk Testing Strategy for H5N1, Shares Update on Vaccination Efforts",GPT recommended,,,USDA,vaccine,https://www.usda.gov/about-usda/news/press-releases/2025/01/08/us-department-agriculture-announces-15-additional-states-onboard-national-milk-testing-strategy-h5n1?utm_source=chatgpt.com,0.19124545898355522
New kidney cancer vaccine puts 9 advance-stage patients into remission,GPT recommended,,McKenzie Beard,New York Post,vaccine,https://nypost.com/2025/02/26/health/new-kidney-cancer-vaccine-puts-9-patients-into-remission/?utm_source=chatgpt.com,0.0
FDA meeting to choose flu vaccine composition canceled without explanation,GPT recommended,,Meg Tirrell,CNN,vaccine,https://www.cnn.com/2025/02/26/health/news-fda-meeting-to-choose-flu-vaccine-composition-canceled-without-explanation/index.html?utm_source=chatgpt.com,0.0
"RFK Jr., vaccine critic, calls Texas measles outbreak 'not unusual' after unvaccinated child dies",GPT recommended,,Tanya Babbar,Houston Chronicle,vaccine,https://www.houstonchronicle.com/news/houston-texas/trending/article/robert-f-kennedy-vaccine-measles-death-20190257.php?utm_source=chatgpt.com,0.0
"A Texas child who was not vaccinated has died of measles, a first for the US in a decade",GPT recommended,,"Devi Shastri, Amanda Seitz",AP News,vaccine,https://apnews.com/article/measles-outbreak-west-texas-death-rfk-41adc66641e4a56ce2b2677480031ab9,0.0
"Trump administration weighs pulling funding for Moderna bird flu vaccine, Bloomberg News reports",GPT recommended,,,Reuters,vaccine,https://www.reuters.com/business/healthcare-pharmaceuticals/trump-administration-weighs-pulling-funding-moderna-bird-flu-vaccine-bloomberg-2025-02-27/?utm_source=chatgpt.com,0.0
New study links COVID-19 vaccine to long-term side effects,web recommended,,Dr. Mahsa Tehrani ,FOX News,COVID-19,https://www.foxnews.com/video/6369361259112,0.001888881536866715
"Now That Trump Has Banished the Woke From Science, This Truth-Telling New Scientific Paper Reveals What COVID Vaccines Actually Do to Children",web recommended,,Victor Tangermann,Futurism,COVID-19,https://www.yahoo.com/news/now-trump-banished-woke-science-163616742.html,0.8463038719716551
COVID-19 turns 5: Tell us how it changed your life,web recommended,,,Ventura County Star,COVID-19,https://www.vcstar.com/story/news/health/2025/02/26/covid-19-ventura-county-california/80051685007/,0.05109671052889685
IMUNON Announces New Immunogenicity Data from Phase 1 Clinical Trial of Its DNA Vaccine in Treatment of COVID-19,web recommended,,,GlobeNewswire,COVID-19,http://globenewswire.com/news-release/2025/02/26/3032895/0/en/IMUNON-Announces-New-Immunogenicity-Data-from-Phase-1-Clinical-Trial-of-Its-DNA-Vaccine-in-Treatment-of-COVID-19.html,0.4079193798337606
Multimillion-dollar Biden-era COVID-19 vax project halted by Trump’s HHS,web recommended,,Emma Colton ,FOX News,COVID-19,https://www.foxnews.com/politics/multimillion-dollar-biden-era-covid-vax-project-halted-trumps-hhs,0.6939609673348787
Why a New Bat Coronavirus in China Is Raising Concern,web recommended,,,Bloomberg,COVID-19,https://www.bloomberg.com/news/articles/2025-02-24/hku5-cov-2-what-is-new-bat-virus-similar-to-covid-19-could-pandemic-happen,0.6949246334460737
"More than half of COVID-19 ECMO patients die in hospital, while survivors often struggle long term, study finds",web recommended,,Stephanie Soucheray,CIDRAP,COVID-19,https://www.cidrap.umn.edu/covid-19/more-half-covid-19-ecmo-patients-die-hospital-while-survivors-often-struggle-long-term,0.0
COVID Broke the Rules of Virus Evolution,web recommended,,Sarah Zhang,The Atlantic,COVID-19,https://www.theatlantic.com/health/archive/2025/02/covid-virus-evolution/681798/,0.7761815171221643
Daily briefing: Where did COVID-19 come from? Evidence points to raccoon dogs,web recommended,,Jacob Smith,Nature,COVID-19,https://www.nature.com/articles/d41586-025-00583-5,0.0021927753043000982
"Air Force Deletes 'CQ' Brown Quote, COVID-19 History and Bias Lesson from New Handbook",web recommended,,Thomas Novelly,Military.com,COVID-19,https://www.military.com/daily-news/2025/02/25/air-force-deletes-cq-brown-quote-covid-19-history-and-bias-lesson-new-handbook.html,0.948794756084478
"Downtown Seattle may have escaped the ‘doom loop,’ still off pre-COVID norm",web recommended,,Lauren Rosenblatt,The Seattle Times,COVID-19,http://seattletimes.com/business/downtown-seattle-may-have-escaped-the-doom-loop-still-off-pre-covid-norm/,0.0
Minneapolis man admits to stealing at least $3.8 million from COVID-19 relief programs,web recommended,,Lou Raguse,Kare11,COVID-19,https://www.kare11.com/article/news/local/minneapolis-man-admits-stealing-3-million-pandemic-programs/89-c50978ce-bed2-4cc5-8a75-6a1874200fe9,0.0
"Long COVID news, measles in Texas, RSV vaccine for moms, food recalls and rural health care access",web recommended,,,AMA,COVID-19,https://www.ama-assn.org/delivering-care/public-health/long-covid-news-measles-texas-rsv-vaccine-moms-food-recalls-and-rural,0.001482237585460674
"New Coronavirus Found in Bats, Experts Say It’s No Threat",web recommended,, India Edwards,US News,COVID-19,https://www.usnews.com/news/health-news/articles/2025-02-26/new-coronavirus-found-in-bats-experts-say-its-no-threat,0.6173927919619898
"No Spike in Cardiac Arrests, Deaths in Young Athletes During COVID-19",web recommended,,Todd Neale,tctMD,COVID-19,https://www.tctmd.com/news/no-spike-cardiac-arrests-deaths-young-athletes-during-covid-19,0.941576552767926
"Scientists have identified a new coronavirus in bats, but it’s not a public health threat",GPT recommended,,Jen Christensen,CNN,COVID-19,https://www.cnn.com/2025/02/25/health/newly-named-coronavirus/index.html?utm_source=chatgpt.com,0.0
The next pandemic: COVID-19 showed us how we can fight the next global outbreak,GPT recommended,,,UC Davis Health,COVID-19,https://health.ucdavis.edu/patients-visitors/news/headlines/the-next-pandemic-covid-19-showed-us-how-we-can-fight-the-next-global-outbreak/2025/02?utm_source=chatgpt.com,0.0
New COVID variant XEC now in half of states. Here's what to know.,GPT recommended,,Alexander Tin,CBS News,COVID-19,https://www.cbsnews.com/news/xec-covid-variant-symptoms-states-what-to-know/,0.3094297202221338
Long COVID played a role in thousands of deaths: CDC,GPT recommended,,Mary Kekatos,ABC News,COVID-19,https://abcnews.go.com/Health/3500-americans-died-long-covid-pandemic-cdc/story?id=95151647,0.9474954142432253
Megyn Kelly claims Pfizer COVID vaccine left her with autoimmune condition: ‘Wish I hadn’t done it’,GPT recommended,,Alex Oliveira,New York Post,COVID-19,https://nypost.com/2025/02/26/us-news/megyn-kelly-claims-pfizer-covid-vaccine-left-her-with-autoimmune-condition/?utm_source=chatgpt.com,0.00038810981631443806
COVID Origins: Exclusive: Inside the FBI’s Lab Leak Investigation,GPT recommended,,Katherine Eban,Vanity Fair,COVID-19,https://www.vanityfair.com/news/story/inside-the-fbis-lab-leak-investigation?utm_source=chatgpt.com,0.44008012052302836
Multimillion-dollar Biden-era COVID-19 vax project halted by Trump’s HHS,GPT recommended,,Emma Colton,FOX News,COVID-19,https://www.foxnews.com/politics/multimillion-dollar-biden-era-covid-vax-project-halted-trumps-hhs?utm_source=chatgpt.com,0.6939609673348787
Coast Guard reinstates COVID-19 discharged servicemembers,GPT recommended,,MyCG Staff,USCG,COVID-19,https://www.mycg.uscg.mil/News/Article/4078364/coast-guard-reinstates-covid-19-discharged-servicemembers/,0.15428564080453216
Wuhan Covid lab planning ‘ominous’ new bat experiments,GPT recommended,,Sarah Knapton,The Telegraph,COVID-19,https://www.telegraph.co.uk/news/2025/02/26/wuhan-covid-lab-planning-ominous-new-bat-experiments/?utm_source=chatgpt.com,0.0
Threats poured into Granite School District after ‘misleading’ DOGE post accused officials of misusing COVID funds,GPT recommended,,Carmen Nesbitt,The Salt Lake Tribune,COVID-19,https://www.sltrib.com/news/politics/2025/02/26/granite-school-district-sees/?utm_source=chatgpt.com,0.057012348008305874
A Mayo Clinic virologist explains FLiRT and why you may need a new COVID-19 vaccination,GPT recommended,,Deb Balzer,Mayo Clinic,COVID-19,https://newsnetwork.mayoclinic.org/discussion/a-mayo-clinic-virologist-explains-flirt-and-why-you-may-need-a-new-covid-19-vaccination/,0.3095343581590001
"Novavax sees royalties, reduced expenses on COVID vaccines from Sanofi partnership",GPT recommended,,Christy Santhosh,Reuters,COVID-19,https://www.reuters.com/business/healthcare-pharmaceuticals/novavaxs-quarterly-loss-shrinks-it-ramps-down-spending-covid-vaccines-2025-02-27/?utm_source=chatgpt.com,9.310634720470785e-05
"China says it's ""extremely unlikely"" COVID pandemic came from lab leak, as CIA now indicates",GPT recommended,,,CBS News,COVID-19,https://www.cbsnews.com/news/china-covid-lab-leak-origin-extremely-unlikely-cia/,0.030895003410438895
"Health experts warn of a “quademic” as COVID-19, flu, RSV, and norovirus spread.",GPT recommended,,,KNTV,COVID-19,https://www.ktnv.com/morningblend/moderna-2-26-25?utm_source=chatgpt.com,0.011263375589053779
Association of Mechanical Power With Mortality in COVID-19,GPT recommended,,,Physician's Weekly,COVID-19,https://www.physiciansweekly.com/association-of-mechanical-power-with-mortality-in-covid-19/?utm_source=chatgpt.com,0.3017826328856902
New Emergency Behavioral Health Focused Practice Designation Approved for American Board of Emergency Medicine,web recommended,,,Morningstar,american medicine,https://www.morningstar.com/news/pr-newswire/20250227de29173/new-emergency-behavioral-health-focused-practice-designation-approved-for-american-board-of-emergency-medicine,0.4696078761447403
Why DeepSeek Will Upend American Medicine,web recommended,,Robert Pearl M.D.,Forbes,american medicine,https://www.forbes.com/sites/robertpearl/2025/02/24/how-deepseek-and-knowledge-distillation-will-reshape-medicine/,0.4416502806522861
American chaos: standing up for health and medicine,web recommended,,,The Lancet,american medicine,https://www.thelancet.com/journals/lancet/article/PIIS0140-6736(25)00237-5/fulltext,0.0
"Covid, inflation, and Supreme Court blamed for steep drop in Native American medical school enrollment",web recommended,,Usha Lee McFarling,STAT,american medicine,https://www.statnews.com/2025/02/25/native-american-medical-school-enrollment-drop-covid-inflation-supreme-court-ruling-blamed/,0.0
Physicians take fight for Medicare payment reform to Capitol Hill,web recommended,,Bruce A. Scott M.D.,AMA,american medicine,https://www.ama-assn.org/about/leadership/physicians-take-fight-medicare-payment-reform-capitol-hill,0.0
Physician at Alabama’s USA Health selected for international sports medicine fellowship,web recommended,,Michelle Ryan,Alabama News Center,american medicine,https://alabamanewscenter.com/2025/02/25/physician-at-alabamas-usa-health-selected-for-international-sports-medicine-fellowship/,0.0
America Is a World Leader in Medicine Development,web recommended,,Kirsten Axelsen,AEI,american medicine,https://www.aei.org/op-eds/america-is-a-world-leader-in-medicine-development/,0.3051686851793194
Black HEALTHstory Month Lecture Explores Racial Integration in American Medicine,web recommended,, Lucy Gardner Carson,University of Vermont,american medicine,https://www.uvm.edu/larnermed/medcommunications/news/black-healthstory-month-lecture-explores-racial-integration,0.2412753609178919
2 in 3 physicians are using health AI—up 78% from 2023,web recommended,,Tanya Albert Henry,AMA,american medicine,http://ama-assn.org/practice-management/digital/2-3-physicians-are-using-health-ai-78-2023,0.0
"As prior authorization burden grows, so does momentum for change",web recommended,,Andis Robeznieks,AMA,american medicine,https://www.ama-assn.org/practice-management/prior-authorization/prior-authorization-burden-grows-so-does-momentum-change,0.0
"Worst flu season: Influenza virus spread, new bird flu cases in the U.S., plus measles outbreak update",web recommended,,,AMA,american medicine,https://www.ama-assn.org/delivering-care/public-health/worst-flu-season-influenza-virus-spread-new-bird-flu-cases-us-plus#,0.0
"Annals of Family Medicine: Many Americans Overestimate U.S. Primary Care Spending, Study Finds",web recommended,,,PR Newswire,american medicine,https://www.prnewswire.com/news-releases/annals-of-family-medicine-many-americans-overestimate-us-primary-care-spending-study-finds-302384181.html,0.6015326015835201
"Physician contracting: Restrictive covenants, termination clauses",web recommended,,Staff News Writer,AMA,american medicine,https://www.ama-assn.org/medical-residents/transition-resident-attending/physician-contracting-restrictive-covenants,0.0
Sounding The Alarm On The Effect Of Call Centers On American Medicine,web recommended,,Sachin H. Jain,Forbes,american medicine,https://www.forbes.com/sites/sachinjain/2024/12/09/sounding-the-alarm-on-the-effect-of-call-centers-on-american-medicine/,0.7847716803544021
"NIH Funding Cuts Would Hobble U.S. Medical Research, Insider Says",web recommended,,Dan Vergano,Scientific American,american medicine,https://www.scientificamerican.com/article/nih-funding-cuts-would-hobble-u-s-medical-research-insider-says/,0.8221998389206127
Telehealth advocates turn up the pressure as Medicare deadline nears,GPT recommended,,Maya Goldman,Axios,american medicine,https://www.axios.com/2025/02/27/telehealth-advocates-medicare-deadline-congress?utm_source=chatgpt.com,0.0
Doctors Explain When Flu-Like Symptoms Warrant an ER Visit,GPT recommended,,,Health.com,american medicine,https://www.health.com/here-s-when-your-flu-like-symptoms-warrant-a-trip-to-the-er-according-to-doctors-11685330?utm_source=chatgpt.com,0.8132234039233593
Orthopedic Sports Medicine office to relocate to new US 31 location,GPT recommended,,Michelle Fedder,Manistee News,american medicine,https://www.manisteenews.com/news/article/orthopedic-sports-medicine-manistee-relocation-20163906.php?utm_source=chatgpt.com,0.0
‘Because he’s shaking hands’: White House brushes off Donald Trump ‘bruise’ speculation,GPT recommended,,,News.com.au,american medicine,https://www.news.com.au/lifestyle/health/health-problems/because-hes-shaking-hands-white-house-brushes-off-donald-trump-bruise-speculation/news-story/63e1964aae107d054c4547be8e76b15f?utm_source=chatgpt.com,0.0
Grad School Is in Trouble,GPT recommended,,Ian Bogost,The Atlantic,american medicine,https://www.theatlantic.com/science/archive/2025/02/grad-school-admissions-trump-cuts/681848/?utm_source=chatgpt.com,0.6104805587688533
"US to axe grants to 10,000 aid organisations",GPT recommended,,,Financial Times,american medicine,https://www.ft.com/content/f005e9cc-2364-4127-94c5-5155899cae6e?utm_source=chatgpt.com,0.0
1 big thing: Universities feel ripple effects of DOGE cuts,GPT recommended,,Tina Reed,Axios,american medicine,https://www.axios.com/newsletters/axios-vitals-b6d5fbf0-f38d-11ef-8ed9-2915fbf5db93?utm_source=chatgpt.com,0.0
US FDA to reconsider decision barring compounded versions of Lilly weight loss drug,GPT recommended,,Brendan Pierson,Reuters,american medicine,https://www.reuters.com/business/healthcare-pharmaceuticals/fda-reconsider-decision-barring-compounded-versions-lilly-weight-loss-drug-2024-10-11/,0.0
"Use of opioid overdose antidote by laypersons rose 43% from 2020 to 2022, study finds",GPT recommended,,Sam Tupper,CNN,american medicine,https://www.cnn.com/2024/10/14/health/naloxone-bystander-usage/index.html,0.0
"Reps back reforms to Medicare Physician Fee Schedule, starting with physician reimbursement",GPT recommended,,Richard Payerchin,Medical Economics,american medicine,https://www.medicaleconomics.com/view/reps-back-reforms-to-medicare-physician-fee-schedule-starting-with-physician-reimbursement,0.0
US FDA pauses Novavax's trial of combo COVID-flu shot on safety concerns,GPT recommended,,Bhanvi Satija,Reuters,american medicine,https://www.reuters.com/business/healthcare-pharmaceuticals/us-fda-places-trials-two-novavax-vaccines-hold-2024-10-16/,0.8491840200395951
"Tobacco use among U.S. pre-teens, teens has dropped to lowest levels seen in 25 years",GPT recommended,,,AMA,american medicine,https://www.ama-assn.org/about/publications-newsletters/top-news-stories-ama-morning-rounds-week-oct-14-2024?utm_source=chatgpt.com,0.0
"FDA Approves First At-Home Flu Vaccine, But Availability Delayed Until Next Season",GPT recommended,,Staff Reporter,The Universal News Network,american medicine,https://theunn.com/fda-approves-first-at-home-flu-vaccine-but-availability-delayed-until-next-season/,0.44268194208450595
"Sickle cell cure may expand access, lower cost",GPT recommended,,Maya Goldman,Axios,american medicine,https://www.axios.com/newsletters/axios-vitals-b6d5fbf0-f38d-11ef-8ed9-2915fbf5db93?utm_source=chatgpt.com,0.0
American Medical Association president calls abortion pill ruling 'most brazen attack on Americans' health',GPT recommended,,Lindsay Kornick,FOX News,american medicine,https://www.foxnews.com/media/american-medical-association-president-calls-abortion-pill-ruling-brazen-attack-americans-health?utm_source=chatgpt.com,0.0
‘The White Lotus’ New Season Tackles Our Wellness Obsession,web recommended,,Esther Zuckerman,The Wall Street Journal,wellness,https://www.wsj.com/arts-culture/television/white-lotus-season-3-thailand-resort-natasha-rothwell-wellness-19002469,0.7816312360706296
"Wellness Weekend at the Inn features yoga, spa treatments, restaurant takeover",web recommended,,Karen Billing,San Diego Union-Tribune,wellness,https://www.sandiegouniontribune.com/2025/03/02/inn-wellness-weekend-features-yoga-spa-treatments-restaurant-takeover/,0.0
Colorful new Humboldt Park wellness center is also an Rx for architectural blahs,web recommended,,Lee Bey,Chicago Sun Times,wellness,https://chicago.suntimes.com/columnists/2025/02/28/humboldt-park-wellness-center-puerto-rican-culture-architecture-lee-bey,0.0
Soap to supremacy: The rise of white wellness,web recommended,,Mark Hay,Aljazeera,wellness,https://www.aljazeera.com/features/longform/2025/2/2/how-white-nationalists-infiltrated-the-wellness-movement,0.0
Are you falling for wellness misinformation online? Here’s how to tell,web recommended,,Adrienne Matei,The Guardian,wellness,https://www.theguardian.com/wellness/2025/jan/08/health-misinformation-online-tips,0.0
"Wellness blogger Belle Gibson lied about having cancer. Years later, Australia is still chasing her",web recommended,,Charlotte Graham-McLay,AP News,wellness,https://apnews.com/article/belle-gibson-netflix-apple-cider-vinegar-australia-influencer-2c683dea3b06e204b261ba3d83919ad2,0.0
What to Know About the Wellness Guru who Faked Cancer and Inspired Netflix’s Apple Cider Vinegar,web recommended,,Olivia B. Waxman,TIME,wellness,https://time.com/7213216/apple-cider-vinegar-true-story-netflix/,0.27228126403626063
Bad wellness advice is all over social media. These creators are pushing back,web recommended,,Jude Joffe-Block,NPR,wellness,https://www.npr.org/2025/02/20/nx-s1-5277087/wellness-influencers-science-creators-maha-rfk-jr,0.0
"The best smart rings to help track sleep, wellness and more",web recommended,,Alex Lee,The Independent,wellness,https://www.the-independent.com/extras/indybest/gadgets-tech/best-smart-rings-b2503253.html,0.02
RFK Jr. proposed sending addicts to taxpayer-funded ‘wellness farms’ to tackle drug crisis,web recommended,,Fox News,New York Post,wellness,https://nypost.com/2025/01/26/us-news/rfk-jr-proposed-taxpayer-funded-wellness-farms-to-deal-with-opioid-addiction/,0.0
Local Artist Partners with Soul Dive Yoga to Inspire Wellness for Locals 55+,web recommended,,,NBC Palm Springs,wellness,https://www.nbcpalmsprings.com/2025/03/02/local-artist-partners-with-soul-dive-yoga-to-inspire-wellness-for-locals-55,0.1389920627792114
"Premier Community HealthCare’s Spring Health, Wellness & Fun Fest",web recommended,,,Suncoast News,wellness,https://www.suncoastnews.com/news/premier-community-healthcare-s-spring-health-wellness-fun-fest/collection_11c9964a-f783-11ef-afb1-73c1cf42d2fa.html,0.698507441267008
New Workshops Focus on Wellness and Creativity for Grievers and Caregivers,web recommended,,,Eye On Annapolis,wellness,https://www.eyeonannapolis.net/2025/03/new-workshops-focus-on-wellness-and-creativity-for-grievers-and-caregivers/,0.07999164271738002
Arcadia mansion with wellness center listed for $15 million,web recommended,,Angela Gonzales ,Phoenix Business Journal,wellness,https://www.bizjournals.com/phoenix/news/2025/03/02/arcadia-mansion-wellness-center-listed.html,0.0
Special Olympics Utah hosts first-of-its-kind Health & Wellness Fair,web recommended,,Amy Nay,FOX 13 Now,wellness,https://www.fox13now.com/news/positively-utah/special-olympics-utah-hosts-first-of-its-kind-health-wellness-fair,0.004089285714285715
Deliciously Ella: ‘The wellness industry? We’re overdue some sanity’,GPT recommended,,Michael Odell,The Times,wellness,https://www.thetimes.com/life-style/food-drink/article/deliciously-ella-apple-cider-vinegar-vegan-v6gw9zxz7?utm_source=chatgpt.com&region=global,0.0
"Here are the x-rated treatments you need to stop right now — trust me, I’m a doctor",GPT recommended,,Dr Zac Turner,New York Post,wellness,https://nypost.com/2025/03/02/health/australians-dirty-little-hygiene-secret/?utm_source=chatgpt.com,0.0
GIRL GONE WILDE Olivia Wilde goes braless in totally see-through lace dress at Vanity Fair Oscars party after debuting new boyfriend,GPT recommended,,Mollie Quirk,The Sun,wellness,https://www.thesun.co.uk/tvandshowbiz/33648625/olivia-wilde-braless-totally-see-through-lace-dress-oscars/?utm_source=chatgpt.com,0.3790568969709836
Worrying divide in Australians’ mental health,GPT recommended,,Natalie Brown,News.com.au,wellness,https://www.news.com.au/lifestyle/health/mental-health/worrying-divide-in-australians-mental-health/news-story/5b459ff9cb1b4e449bad8b1e70bae21f?utm_source=chatgpt.com,0.0
Halle Berry Says Perimenopause Made Sex Feel like 'Razor Blades',GPT recommended,,Cara Lynn Shultz,People,wellness,https://people.com/halle-berry-says-perimenopause-made-sex-feel-like-razor-blades-11688464?utm_source=chatgpt.com,0.5541647877079587
Explore the 'Healthiest Home in America' (and the Wellness Features Worth Incorporating),GPT recommended,,Kara Walsh,Better Homes & Gardens,wellness,https://www.bhg.com/healthiest-home-in-america-8797332?utm_source=chatgpt.com,0.005847333579784132
It’s not just Belle Gibson: Wellness TikTok is full of dangerous ‘health’ advice,GPT recommended,,Hellen Coffey,The Independent,wellness,https://www.the-independent.com/life-style/tiktok-health-wellness-medical-advice-belle-gibson-b2706490.html?utm_source=chatgpt.com,0.0
International Luxury Hotel Association And Matrix Fitness Join Forces To Redefine Wellness In Luxury Hospitality,GPT recommended,,,Travel and Tour World,wellness,https://www.travelandtourworld.com/news/article/international-luxury-hotel-association-and-matrix-fitness-join-forces-to-redefine-wellness-in-luxury-hospitality/?utm_source=chatgpt.com,0.7487832407583522
SIX SENSES INTRODUCES INAUGURAL FEMALE WELLNESS PROGRAM,GPT recommended,,HCNME Digital Editor,Hotel & Catering,wellness,https://hotelandcatering.com/hotel-news-me/six-senses-introduces-inaugural-female-wellness-program?utm_source=chatgpt.com,0.7959166666666667
Healthy Brain & Body brings holistic wellness approach to Owensboro,GPT recommended,,John Kirkpatrick,The Owensboro Times,wellness,https://www.owensborotimes.com/news/2025/03/healthy-brain-body-brings-holistic-wellness-approach-to-owensboro/?utm_source=chatgpt.com,0.0
RFK Jr.'s plan to combat addiction: 'wellness farms',GPT recommended,,Alec Schemmel,FOX News,wellness,http://foxnews.com/politics/how-rfk-jr-wants-help-treat-addiction-wellness-farms?utm_source=chatgpt.com,0.0
'Grey's Anatomy' Star Kate Walsh Shares Healthy Habits for Cancer Prevention,GPT recommended,,,Healthline,wellness,https://www.healthline.com/health-news/kate-walsh-greys-anatomy-early-cancer-screening,0.3212687698061139
Mayo Clinic recognized as ‘World’s Best Hospital’ by Newsweek for the seventh straight year,GPT recommended,,Joel Streed,Mayo Clinic,wellness,https://newsnetwork.mayoclinic.org/discussion/mayo-clinic-recognized-as-worlds-best-hospital-by-newsweek-for-the-seventh-straight-year/,0.0
VIDEO: Researchers find caregiving worsens menopause symptoms,GPT recommended,,Deb Balzer,Mayo Clinic,wellness,https://newsnetwork.mayoclinic.org/discussion/video-researchers-find-caregiving-worsen-menopause-symptoms/,0.23317784576045422
The New Thinking on Concussions in Sports,GPT recommended,,Louise Radnofsky,The Wall Street Journal,wellness,https://www.wsj.com/sports/the-new-thinking-on-concussions-in-sports-a6dab66f?mod=wellness_news_article_pos1,0.012990140022144048
Experts worry that public health turmoil could make bird flu deadlier,web recommended,,Paul Sisson,The San Diego Union-Tribune,public health,https://www.sandiegouniontribune.com/2025/03/02/experts-worry-that-public-health-turmoil-could-make-bird-flu-deadlier/,0.0
"Travis County infant tests positive for measles, Austin Public Health says",web recommended,,Gabby Jimenez,KSAT,public health,https://www.ksat.com/news/local/2025/03/01/travis-county-infant-tests-positive-for-measles-austin-public-health-says/,0.0
Champaign restaurant sues public health district over food storage temperature,web recommended,,Jack Krumm,WCIA,public health,https://www.wcia.com/news/champaign-county/champaign-restaurant-sues-public-health-district-over-food-storage-temperature/,0.0
Postponing last week’s vaccine meeting endangers Americans’ health,web recommended,,Tom Frieden,The Hill,public health,https://thehill.com/opinion/healthcare/5169913-postponing-last-weeks-vaccine-meeting-endangers-americans-health/,0.0
USAID funding cuts could impact Taiwan's health system: Doctor,web recommended,,"James Thompson, Chen Chien-ling",Focus Taiwan,public health,https://focustaiwan.tw/society/202503020009,0.02300421557717006
Nonprofit Disputes Public Health’s Beach Safety Declaration,web recommended,,,Santa Monica Mirror,public health,https://smmirror.com/2025/03/nonprofit-disputes-public-healths-beach-safety-declaration/,0.4457394694637636
Mayor Frank Scott Jr. declares housing a public health emergency in Little Rock,web recommended,,Kathryn Roley,THV11,public health,https://www.thv11.com/article/news/local/housing-public-health-emergency-little-rock/91-5fa8676a-cd23-4281-ba62-b0f6af15fc24,0.0
Opinion - The US is losing its next generation of health scientists,web recommended,,"James Alwine, Elizabeth Jacobs",The Hill,public health,https://www.yahoo.com/news/opinion-us-losing-next-generation-180000627.html,0.0
‘Deadly consequences’: Health agencies reel from thousands of job cuts while critical research grants remain on hold,web recommended,,Meg Tirrell,CNN,public health,https://www.cnn.com/2025/02/23/health/public-health-job-cuts/index.html,0.0
Trump Cuts Target Next Generation of Scientists and Public Health Leaders,web recommended,,Sheryl Gay Stolberg,The New York Times,public health,https://www.nytimes.com/2025/02/18/us/politics/fda-cdc-health-department-trump.html,0.2082357696481988
"College of Behavioral, Social and Health Sciences establishes interdisciplinary Embedded Faculty Scholar Program with the South Carolina Department of Public Health",web recommended,,Shelley Gordon,Clemson News,public health,https://news.clemson.edu/college-of-behavioral-social-and-health-sciences-establishes-interdisciplinary-embedded-faculty-scholar-program-with-the-south-carolina-department-of-public-health/,0.018983216237314596
"Daniel Beaudoin—facilities director, mountain climber, public health enthusiast",web recommended,,"Anna Webster, Patrick Carey",Harvard T.H. Chan School of Public Health,public health,https://hsph.harvard.edu/news/daniel-beaudoin-facilities-director-mountain-climber-public-health-enthusiast/,0.0
Nonprofit Disputes Public Health’s Beach Safety Declaration,web recommended,,,Yo! Venice,public health,https://yovenice.com/2025/03/02/nonprofit-disputes-public-healths-beach-safety-declaration/,0.4457394694637636
Measles Outbreaks in the U.S. Highlight the Importance of Vaccination,web recommended,,Aliza Rosen,Johns Hopkins Bloomberg School of Public Health,public health,https://publichealth.jhu.edu/2025/what-to-know-about-measles-and-vaccines,0.02398655281337877
School of Public Health professor named to new faculty leadership program,web recommended,,Milledge Austin,Jagwire,public health,https://jagwire.augusta.edu/school-of-public-health-professor-named-to-new-faculty-leadership-program/,0.0
MPs underline risks of toxic lead paint in English homes,GPT recommended,,,Financial Times,public health,https://www.ft.com/content/f1a50491-9e69-4f89-b5b8-6ff3da53e838,0.0
Left in the dark: Doctors sound the alarm over child deaths,GPT recommended,,,The Daily Telegraph,public health,https://www.dailytelegraph.com.au/subscribe/news/1/?sourceCode=DTWEB_WRE170_a_GGL&dest=https%3A%2F%2Fwww.dailytelegraph.com.au%2Fhealth%2Fleft-in-the-dark-doctors-sound-the-alarm-over-child-deaths%2Fnews-story%2F5110efafe11eb1ffb1d87cbbc8add10f&memtype=anonymous&mode=premium&v21=GROUPA-Segment-2-NOSCORE,0.0
"Dysentery, the diarrhea-inducing bacterial infection, on the rise in Oregon",GPT recommended,,,New York Post,public health,https://nypost.com/2025/03/01/us-news/dysentery-the-diarrhea-inducing-bacterial-infection-on-the-rise-in-oregon/?utm_source=chatgpt.com,0.0
"A seismic shift in the NHS has just been announced, and no one even noticed",GPT recommended,,Robert Colvile,The Times,public health,https://www.thetimes.com/comment/columnists/article/a-seismic-shift-in-the-nhs-has-just-been-announced-and-no-one-even-noticed-89gcg277m?utm_source=chatgpt.com&region=global,0.0
What is melioidosis? The deadly disease spreading in Australia,GPT recommended,,Sarah Mitchell,The Advertiser,public health,https://www.adelaidenow.com.au/lifestyle/what-is-melioidosis-the-deadly-disease-spreading-in-australia/news-story/05448740ef803a0ead29f8175670474b?utm_source=chatgpt.com,0.0
‘We’re losing decades of our life to this illness’: long Covid patients on the fear of being forgotten,GPT recommended,,Kathryn Bromwich,The Guardian,public health,https://www.theguardian.com/society/2025/mar/02/were-losing-decades-of-our-life-to-this-illness-long-covid-patients-on-the-fear-of-being-forgotten?utm_source=chatgpt.com,0.0
FDA Abruptly Cancels Critical Flu Shot Meeting,GPT recommended,,Cheryl Clark,Medpage Today,public health,https://www.medpagetoday.com/special-reports/features/114399,0.2349570662331778
"As the Texas outbreak grows, how contagious is measles, really?",GPT recommended,,"Maria Godoy, Alyson Hurt",NPR,public health,https://www.npr.org/sections/shots-health-news/2025/02/28/nx-s1-5312088/measles-texas-outbreak-contagious-spread,0.0
Upheaval and firings at CDC raise fears about disease outbreak response,GPT recommended,,"Will Stone, Pien Huang",NPR,public health,https://www.npr.org/sections/shots-health-news/2025/02/25/nx-s1-5307117/cdc-firings-infectious-disease-response,0.0
Iowa has high cancer rates. Trump's cuts to CDC and NIH are already hitting the state,GPT recommended,,Yuki Noguchi,NPR,public health,https://www.npr.org/sections/shots-health-news/2025/02/28/nx-s1-5312108/trump-budget-cuts-nih-cdc-cancer-iowa,0.0007891682785299806
​CDPH Warns Against Drinking Second Lot of Raw Milk Following Bird Flu Detection ​,GPT recommended,,,California Department of Public Health,public health,https://www.cdph.ca.gov/Programs/OPA/Pages/NR24-042.aspx,0.9250707355511184
​​​CDPH Reminds Public of Rabies Precautions Following Death of Fresno County Resident ,GPT recommended,,,California Department of Public Health,public health,https://www.cdph.ca.gov/Programs/OPA/Pages/NR24-040.aspx,0.6432076070698061
CDPH Warns of Possible Norovirus Infections from Imported Raw Korean Oysters ,GPT recommended,,,California Department of Public Health,public health,https://www.cdph.ca.gov/Programs/OPA/Pages/NR24-012.aspx,0.7849578140107412
CDPH Warns Consumers Not to Drink Illegal Mary Jones Hemp-Infused Sodas ​​,GPT recommended,,,California Department of Public Health,public health,https://www.cdph.ca.gov/Programs/OPA/Pages/NR24-014.aspx,0.7744053043228273
Measles: Risks and What to Do If You Come In Contact With Measles,GPT recommended,,Rena Goldman,U.S. News & World Report,public health,https://health.usnews.com/wellness/articles/measles-risks-and-what-to-do-if-you-come-in-contact,0.8408472304735731
Dynasty behind US egg giant looks to cash in as profits soar amid bird flu,web recommended,,"Taylor Nicole Rogers, Patrick Temple-West ",Financial Times,bird flu,https://www.ft.com/content/ef12d393-8a2a-44d2-b5d9-f143369d6697,0.0
Trump administration unveils bird flu plan as egg prices soar,web recommended,,Brandon Drenon,BBC,bird flu,https://www.bbc.com/news/articles/cq6yy9e368vo,0.0
Trump’s got a bird flu plan. So when will eggs stop costing so much?,web recommended,,John Towfighi,CNN,bird flu,https://www.cnn.com/2025/02/27/economy/bird-flu-egg-prices-higher/index.html,0.0
Are egg producers inflating prices during the bird flu outbreak to boost profits?,web recommended,,Josh Funk,AP News,bird flu,https://apnews.com/article/record-high-egg-prices-bird-flu-profits-1e3d66b4af9556a503125cf8259b1647,0.0
"Bird flu devastates Cranberry’s Seggond Chance Farm, a sanctuary for misfit birds",web recommended,,Mary-Ann Thomas,Pittsburg Post-Gazette,bird flu,https://www.post-gazette.com/news/health/2025/03/02/bird-flu-seggond-chance-farm-cranberry-hpai/stories/202503010058,0.0
Sacramento doctor: Not every child will beat the odds if we don’t take bird flu seriously,web recommended,,Jeremy Sanchez,The Sacramento Bee,bird flu,https://www.sacbee.com/opinion/op-ed/article301153584.html,0.0
Experts worry that public health turmoil could make bird flu deadlier,web recommended,,Paul Sisson,The San Diego Union-Tribune,bird flu,https://www.sandiegouniontribune.com/2025/03/02/experts-worry-that-public-health-turmoil-could-make-bird-flu-deadlier/,0.0
WHAT THEY ARE SAYING: Strong Support for USDA’s Actions to Combat Avian Flu,web recommended,,,USDA,bird flu,https://www.usda.gov/about-usda/news/press-releases/2025/02/27/what-they-are-saying-strong-support-usdas-actions-combat-avian-flu,0.9282762517009461
Bird flu found in Bernalillo County,web recommended,,"Fallon Fischer,  Melissa Torres",KRQE News,bird flu,https://www.krqe.com/news/albuquerque-metro/bird-flu-found-in-bernalillo-county/,0.0
Long Island duck farmer’s new hope after bird flu wipes out flock,web recommended,,,NBC News,bird flu,https://www.nbcnews.com/nightly-news/video/long-island-duck-farmer-s-new-hope-after-bird-flu-wipes-out-flock-233231941802,0.0
Cat euthanized in New Jersey after becoming sick from bird flu,web recommended,,6abc digital staff,Whyy,bird flu,https://whyy.org/articles/cat-euthanized-bird-flu-new-jersey/,0.0
Second US company recalls pet food as bird flu spreads to cats through tainted meat,web recommended,,Melody Schreiber,The Guardian,bird flu,https://www.theguardian.com/us-news/2025/feb/28/cats-bird-flu,0.0
Another Popular Cat Food Has Been Linked to Bird Flu Igniting More Fear in Pet Parents,web recommended,,Devan McGuinness,ParadePets,bird flu,https://www.yahoo.com/lifestyle/another-popular-cat-food-linked-211000367.html,0.8530123446774459
The US May Start Vaccinating Chickens Against Bird Flu,web recommended,,Emily Mullin,WIRED,bird flu,https://www.wired.com/story/chickens-vaccines-us-bird-flu/,0.8776956217217983
Iconic Sandhill cranes face mass die-off in bird flu outbreak,web recommended,,"Trevor Hughes, Dinah Voyles Pulver",USA Today,bird flu,https://www.usatoday.com/story/news/nation/2025/02/28/bird-flu-outbreak-kills-migratory-sandhill-cranes/80700275007/,0.0
"Egg prices could jump 41% this year, USDA says, as Trump’s bird flu plan is unveiled",GPT recommended,,"Josh Funk, Josh Boak",AP News,bird flu,https://apnews.com/article/record-egg-prices-usda-bird-flu-virus-92e9f5fbc4e0a792be484a4aee5b9c16,0.0
EVOLVING BUG Two more cats positive for H5N1 bird flu amid scientists’ fears it spreads by WIND,GPT recommended,,Isabel Shaw,The Scottish Sun,bird flu,https://www.thescottishsun.co.uk/health/14414815/bird-flu-cats-h5n1-spreads-by-wind/?utm_source=chatgpt.com,0.9522502967941022
"The Bird Flu Could Be Way Worse Than We Know, According to Experts",GPT recommended,,Stacey Leasca,Food & Wine,bird flu,https://www.foodandwine.com/avian-influenza-transmission-endemic-in-cows-11686288?utm_source=chatgpt.com,0.913546012153371
Michigan’s cage-free egg law takes effect amid bird flu crisis,GPT recommended,,Jhyrah DeLapp,Michigan's Thumb,bird flu,https://www.michigansthumb.com/news/article/michigan-s-cage-free-egg-law-takes-effect-amid-20186996.php?utm_source=chatgpt.com,0.0
H5 Highly Pathogenic Avian Influenza Confirmed in New Jersey Cat,GPT recommended,,,New Jersey Department of Health,bird flu,https://www.nj.gov/health/news/2025/approved/20250228a.shtml?utm_source=chatgpt.com,0.744668487259885
Bird flu threatens backyard flocks in New Mexico,GPT recommended,,Tamara Lopez,KOB4,bird flu,https://www.kob.com/news/top-news/bird-flu-threatens-backyard-flocks-in-new-mexico/?utm_source=chatgpt.com,0.0
First H5 Bird Flu Death Reported in United States,GPT recommended,,,CDC,bird flu,https://www.cdc.gov/media/releases/2025/m0106-h5-birdflu-death.html?utm_source=chatgpt.com,0.9074233379453431
US egg farmers worry fight against bird flu is unwinnable as experts consider vaccinations: ‘I call this virus a terrorist’,GPT recommended,, Katherine Donlevy,New York Post,bird flu,https://nypost.com/2025/02/15/us-news/us-egg-farmers-concerned-bird-flu-unwinnable-as-experts-consider-vaccinations/?utm_source=chatgpt.com,0.0
Bird Flu Cases in People Are Being Undercounted,GPT recommended,,,Wikipedia,bird flu,https://en.wikipedia.org/wiki/2020%E2%80%932025_H5N1_outbreak?utm_source=chatgpt.com,0.5722073718430072
Sandhill crane deaths from bird flu in eastern U.S. has Nebraska on alert,GPT recommended,,Andrew Ozaki,KETV,bird flu,https://www.ketv.com/article/nebraska-on-alert-sandhill-crane-death/63983997,0.0
"Officials: 90 dead birds removed from pond, deaths possibly caused by bird flu",GPT recommended,,Andrew McMunn,Western Mass News,bird flu,https://www.westernmassnews.com/2025/03/02/officials-90-dead-birds-removed-pond-deaths-possibly-caused-by-bird-flu/,0.0
"As bird flu spreads, feds might undercut states by firing scientists, removing data",GPT recommended,,Nada Hassanein,Source NM,bird flu,https://sourcenm.com/2025/03/02/as-bird-flu-spreads-feds-might-undercut-states-by-firing-scientists-removing-data/,0.0
USDA unveils a $1 billion plan to address the egg crisis,GPT recommended,,"Manuela López Restrepo, Scott Horsley",NPR,bird flu,https://www.npr.org/2025/02/28/g-s1-51270/egg-prices-usda-bird-flu,0.0
"From backyard chickens to house cats, the bird flu is spreading. Do you need to worry about another pandemic?",GPT recommended,,Katie Kerwin McCrimmon,UCHealth,bird flu,https://www.uchealth.org/today/latest-in-bird-flu-news/,0.0
H5 Bird Flu: Current Situation,GPT recommended,,", ",CDC,bird flu,http://cdc.gov/bird-flu/situation-summary/index.html,0.7581944742364136
Global effort enhances clinical care for children with rare genetic diseases,web recommended,,Murdoch Children's Research Institute,Medical XPress,global medicine,https://medicalxpress.com/news/2025-02-global-effort-clinical-children-rare.html,0.0
Global patterns and trends in breast cancer incidence and mortality across 185 countries,web recommended,,"Joanne Kim, Andrew Harper, Valerie McCormack",Nature,global medicine,https://www.nature.com/articles/s41591-025-03502-3,0.0
Innovative finance brings new river blindness medicine to Africa,web recommended,,Sara Jerving,Devex,global medicine,https://www.devex.com/news/innovative-finance-brings-new-river-blindness-medicine-to-africa-109137,0.0
"Global Pharmaceutical Market Size to Worth USD 2845.3 Billion by 2032, Rising Healthcare Expenditure and Innovations in Drug Research Propels Growth | Research by SNS Insider",web recommended,,,Yahoo Finance,global medicine,https://finance.yahoo.com/news/global-pharmaceutical-market-size-worth-143000322.html,0.4512580483218052
Why an aspiring doctor left medicine behind to pursue global health policy,web recommended,,,McCourt School of Public Policy Georgetown University,global medicine,https://mccourt.georgetown.edu/news/rosie-poling-global-health-policy/,0.0
A little-known Chinese company made a drug that beat the world’s biggest-selling medicine,web recommended,,"Wayne Chang, Will Ripley, Eric Cheung",CNN,global medicine,https://www.cnn.com/2025/02/25/business/china-biotech-global-disruption-intl-hnk/index.html,0.0
"Global Medicine Blister Packaging Market to Hit USD 38.8 Billion by 2035, Driven by Sustainability Trends | Future Market Insights, Inc.",web recommended,,,Globe Newswire,global medicine,https://www.globenewswire.com/news-release/2025/02/19/3029001/0/en/Global-Medicine-Blister-Packaging-Market-to-Hit-USD-38-8-Billion-by-2035-Driven-by-Sustainability-Trends-Future-Market-Insights-Inc.html,0.15668312152835487
Crucial aid sits in warehouses worldwide as USAID employees are told to stop working,web recommended,,Suzy Khimm,NBC News,global medicine,https://www.nbcnews.com/news/politics-news/trump-usaid-upheaval-paralyzing-global-delivery-food-medicine-rcna190565,0.0
Sierra Leone inaugurates 1st traditional Chinese medicine center,web recommended,,Xinhua,Global Times,global medicine,https://www.globaltimes.cn/page/202503/1329316.shtml,0.0
"What’s Next in Medicine? Global Experts Discuss the Future, Far Reaching Effects at NXT Conclave 2025",web recommended,,Kriti Dhingra,NewsX,global medicine,https://www.newsx.com/health/whats-next-in-medicine-global-experts-discuss-the-future-far-reaching-effects-at-nxt-conclave-2025/,0.5456571287462283
Arinze Okafor discusses the road to precision medicine and its impact on global health,web recommended,,Chisom Michael,Business Day,global medicine,https://businessday.ng/interview/article/arinze-okafor-discusses-the-road-to-precision-medicine-and-its-impact-on-global-health/,0.0
Chewy Veterinary Leader JC Alvarado Colon: Bringing a global perspective to local action,web recommended,,Brooke Garcia,Colorado State University,global medicine,https://cvmbs.source.colostate.edu/chewy-veterinary-leader-jc-alvarado-colon-bringing-a-global-perspective-to-local-action/,0.34825511323964053
Pandemic monitoring with global aircraft-based wastewater surveillance networks,web recommended,,"Guillaume St-Onge, Jessica T. Davis, Laurent Hébert-Dufresne",Nature,global medicine,https://www.nature.com/articles/s41591-025-03501-4,0.0
The case for investing in global genomic medicine,web recommended,,Mie Rizig,Nature,global medicine,https://www.nature.com/articles/s41591-024-03461-1,0.0
Biobanking with genetics shapes precision medicine and global health,web recommended,,"C. Scott Gallagher, Geoffrey S. Ginsburg, Anjené Musick",Nature,global medicine,https://www.nature.com/articles/s41576-024-00794-y,0.0
"Psychiatric drug research held back by ‘stigma’, says top UK scientist",GPT recommended,,,Financial Times,global medicine,https://www.ft.com/content/ad33706d-ae44-41c9-81ab-1ddd7550af1f?utm_source=chatgpt.com,0.0
"Breast cancer diagnoses and deaths expected to surge worldwide, says WHO",GPT recommended,,Andrew Gregory,The Guardian,global medicine,https://www.theguardian.com/society/2025/feb/24/breast-cancer-diagnoses-deaths-surge-worldwide-who?utm_source=chatgpt.com,0.0
A new era of Made in America drug manufacturing,GPT recommended,,Tina Reed,Axios,global medicine,https://www.axios.com/2025/02/27/eli-lilly-drug-manufacturing-trump-america?utm_source=chatgpt.com,0.0
"US to axe grants to 10,000 aid organisations",GPT recommended,,,Financial Times,global medicine,https://www.ft.com/content/f005e9cc-2364-4127-94c5-5155899cae6e?utm_source=chatgpt.com,0.0
This New Drug Could Help End the HIV Epidemic—but US Funding Cuts Are Killing Its Rollout,GPT recommended,,David Cox,WIRED,global medicine,https://www.wired.com/story/lenacapavir-usaid-hiv-aids-funding-cuts/?utm_source=chatgpt.com,0.9559779937222159
NHS watchdog blocks AstraZeneca breast cancer drug ,GPT recommended,,,Financial Times,global medicine,https://www.ft.com/content/d831c865-ae82-40f3-86a3-de43b53d25f0,0.004879077615298088
"Fake British cough syrup linked to Cameroon child deaths was made in India, officials say",GPT recommended,,Sam Lateef,The Telegraph,global medicine,https://www.telegraph.co.uk/global-health/science-and-disease/fake-british-cough-syrup-cameroon-child-deaths-india/,0.0
"Tea bags, takeaways and hot dogs linked to high levels of forever chemicals, American study finds",GPT recommended,,,Euronews,global medicine,"https://www.euronews.com/green/2024/02/20/tea-bags-takeaways-and-hot-dogs-linked-to-high-levels-of-forever-chemicals-american-study-#:~:text=What%20foods%20were%20linked%20to,in%20the%20body%20over%20time.",0.0
The Macro Impacts of Microplastics,GPT recommended,,Brian W. Simpson,Johns Hopkins Bloomberg School of Public Health,global medicine,https://globalhealthnow.org/2025-02/macro-impacts-microplastics,0.03178772879762598
"Africa’s medical system risks ‘collapse in next few years’, warns health leader",GPT recommended,,Kat Lay,The Guardian,global medicine,https://www.theguardian.com/global-development/2025/feb/27/africas-medical-system-risks-collapse-in-next-few-years-warns-health-leader,0.0
Musk says work to stop Ebola was accidentally cut but restored. Experts raise doubts,GPT recommended,,Gabrielle Emanuel,NPR,global medicine,https://www.npr.org/sections/goats-and-soda/2025/02/27/g-s1-50929/elon-musk-ebola-usaid,0.0
"‘Disruptive, unfair and cruel’: jobs lost and treatment stopped as USAid freeze hits HIV care in Zimbabwe",GPT recommended,,Farai Shawn Matiashe,The Guardian,global medicine,https://www.theguardian.com/global-development/2025/feb/14/usaid-freeze-hits-hiv-aids-care-in-zimbabwe,0.0
Handouts are never free. The cruel US aid freeze is an opportunity for the Caribbean,GPT recommended,,Kenneth Mohammed,The Guardian,global medicine,https://www.theguardian.com/global-development/2025/feb/18/united-states-trump-aid-freeze-opportunity-caribbean-oligarchy-small-island-developing-states-climate,0.0
Better Together: Building a Global Health Network Economy through Data Collaboratio,GPT recommended,,,World Economic Forum,global medicine,https://www.weforum.org/publications/better-together-building-a-global-health-network-economy-through-data-collaboration/,0.2932293230292507
‘It’s a cowboy show out there’: the deadly lottery of the snakebite antivenom industry,GPT recommended,,"Paul Eccles, Andjela Milivojevic, Rachel Schraer.",The Guardian,global medicine,https://www.theguardian.com/global-development/2025/feb/13/its-a-cowboy-show-out-there-the-deadly-lottery-of-the-snakebite-antivenom-industry,0.0
Cancer family 'financially broken' by benefits wait,web recommended,,Aurelia Foster,BBC,cancer,https://www.bbc.com/news/articles/cr422y4evx0o,0.0
"Mia Love, first Black Republican congresswoman, faces worsening cancer prognosis, daughter says",web recommended,,Kristin Chapman,CNN,cancer,https://www.cnn.com/2025/03/02/politics/mia-love-cancer-treatment-glioblastoma/index.html,0.0
"Shark Tank India 4: Pitchers claim of predicting Cancer, Heart Attack and other diseases with their DNA-based screenings; Aman Gupta reacts, 'Meri toh zindagi kharab ho jayegi'",web recommended,,,Times of India,cancer,https://timesofindia.indiatimes.com/tv/news/hindi/shark-tank-india-4-pitchers-claim-of-predicting-cancer-heart-attack-and-other-diseases-with-their-dna-based-screenings-aman-gupta-reacts-meri-toh-zindagi-kharab-ho-jayegi/articleshow/118675838.cms,0.0
Terminal cancer patient 'scared' of dying at home,web recommended,,Mairead Smyth,BBC,cancer,https://www.bbc.com/news/articles/c8e76lx6k94o,0.0
Auburn coach Hugh Freeze diagnosed with prostate cancer,web recommended,,Mark Schlabach,ESPN,cancer,https://www.espn.com/college-football/story/_/id/44057548/auburn-coach-hugh-freeze-diagnosed-prostate-cancer,0.0
Inside the Ramallah hotel housing Gaza’s cancer patients,web recommended,,,Al Jazeera,cancer,https://www.aljazeera.com/features/2025/3/2/inside-the-ramallah-hotel-housing-gazas-cancer-patients,0.0
‘I lost 90 per cent of my friends to my diagnosis’: The isolating reality of ‘cancer ghosting’,web recommended,,Rachel Clun,The Independent,cancer,https://www.independent.co.uk/news/health/cancer-symptoms-ghosting-young-people-b2700127.html,0.0
Retired NYPD cop goes broke trying to save son from rare brain cancer: ‘We won’t give up’,web recommended,,Susan Edelman,New York Post,cancer,https://nypost.com/2025/03/02/us-news/retired-nypd-cop-goes-broke-trying-to-save-son-from-cancer/,0.0
Mediterranean diet could help lower cancer risk in obesity,web recommended,,Jessica Freeborn,Medical News Today,cancer,https://www.medicalnewstoday.com/articles/mediterranean-diet-could-help-lower-cancer-risk-in-obesity,0.0
Elissa's journey: A young mom's relentless battle for life after colorectal cancer hit,web recommended,,Kristen Jordan Shamus,Detroit Free Press,cancer,https://www.freep.com/story/news/health/2025/03/02/colorectal-cancer-stage-4-elissa-robinson-mom/80019762007/,0.0
Enhancer reprogramming: critical roles in cancer and promising therapeutic strategies,web recommended,,"Jinshou Yang, Feihan Zhou, Xiyuan Luo",Nature Cell Death Discovery,cancer,https://www.nature.com/articles/s41420-025-02366-3,0.0
Groundbreaking scanner could revolutionize breast cancer diagnosis and treatment,web recommended,,,News Medical Life Sciences,cancer,https://www.news-medical.net/news/20250302/Groundbreaking-scanner-could-revolutionize-breast-cancer-diagnosis-and-treatment.aspx,0.0
A Rare White Blood Cell Boosts Cancer-Fighting Immune Cells,web recommended,,Sneha Khedkar,The Scientist,cancer,https://www.the-scientist.com/a-rare-white-blood-cell-boosts-cancer-fighting-immune-cells-72735,0.9362523331956467
What cuts to NIH funding mean for cancer patients and their families,web recommended,,Julia Busiek,University of California,cancer,https://www.universityofcalifornia.edu/news/what-cuts-nih-funding-mean-cancer-patients-and-their-families,0.0
12 new breakthroughs in the fight against cancer,web recommended,,"Victoria Masterson, Ian Shine, Madeleine North",World Economic Forum,cancer,https://www.weforum.org/stories/2025/02/cancer-treatment-and-diagnosis-breakthroughs/,0.0
‘He’s a fighter’: nation awaits result of medical hero’s brain surgery,GPT recommended,,,The Australian,cancer,https://www.theaustralian.com.au/subscribe/news/1/?sourceCode=TAWEB_WRE170_a&dest=https%3A%2F%2Fwww.theaustralian.com.au%2Fhealth%2Fmedical%2Ffederal-health-minister-among-well-wishers-for-melanoma-scientist-richard-scolyer%2Fnews-story%2Fb069216ba286ed2e54ec64803d9ff98b&memtype=anonymous&mode=premium&v21=GROUPB-Segment-1-NOSCORE&V21spcbehaviour=append,0.0
Young people with cancer in England face seven-month wait for disability benefits,GPT recommended,,Aletha Adu,The Guardian,cancer,https://www.theguardian.com/society/2025/mar/02/young-people-cancer-england-face-seven-month-wait-disability-benefits?utm_source=chatgpt.com,0.0
"Melbourne mum, 35, dies from bowel cancer as Aussie rates spike in young people",GPT recommended,,Rebekah Scanlan,news.com.au,cancer,https://www.news.com.au/lifestyle/health/health-problems/sydney-mum-35-dies-from-bowel-cancer-as-aussie-rates-spike-in-young-people/news-story/c7e6d500eaa9e0dc65d168b9b13134c0?utm_source=chatgpt.com,0.0
"ALL AT RISK I thought only unhealthy old smokers got lung cancer but I was 46, fit as a fiddle and given 5 years to live",GPT recommended,,Emma Pryer,The Sun,cancer,"https://www.thesun.co.uk/health/33498022/old-smokers-lung-cancer-fit-healthy-lungs/#:~:text=WHEN%20Kerrie%20Mitchell%20found%20a,aside%20because%20of%20her%20age.&text=The%20truth%2C%20though%2C%20changed%20her%20life%20forever.",0.0
Support pours in for Labor MP battling brain cancer,GPT recommended,,,The Courier Mail,cancer,https://www.couriermail.com.au/subscribe/news/1/?sourceCode=CMWEB_WRE170_a&dest=https%3A%2F%2Fwww.couriermail.com.au%2Fnews%2Fqueensland%2Flabor-mps-brave-fight-melissa-mcmahon-battles-brain-cancer%2Fnews-story%2F14aa44a827b506a12c701c0671e26b30&memtype=anonymous&mode=premium&v21=GROUPA-Segment-2-NOSCORE,0.0
Can AI Help Predict Which Cancer Patients Should Be Treated with Immunotherapy?,GPT recommended,,Sharon Reynolds,NIH National Cancer Institute,cancer,https://www.cancer.gov/news-events/cancer-currents-blog/2025/ai-predicts-cancer-immunotherapy-response-survival,0.6188405000474513
Glycoproteomic Influence on NK Cell Response in Ovarian Cancer,GPT recommended,,,Physician's Weekly,cancer,https://www.physiciansweekly.com/glycoproteomic-influence-on-nk-cell-response-in-ovarian-cancer/,0.47030232528794685
Artificial intelligence informs solutions for gastric cancer challenges,GPT recommended,,,Mayo Clinic,cancer,https://www.mayoclinic.org/medical-professionals/cancer/news/artificial-intelligence-informs-solutions-for-gastric-cancer-challenges/mac-20533322,0.0
Certain genetic alterations may contribute to primary resistance of certain cancers to KRAS G12C inhibitors,GPT recommended,,,Medical Xpress,cancer,https://medicalxpress.com/news/2025-02-genetic-contribute-primary-resistance-cancers.html?utm_source=chatgpt.com#google_vignette,0.0
New approach for studying drug-proteoform interactions can improve cancer treatments,GPT recommended,,,Medical Xpress,cancer,https://medicalxpress.com/news/2025-02-approach-drug-proteoform-interactions-cancer.html,0.0
"In Early-Phase Pancreatic Cancer Clinical Trial, Investigational mRNA Vaccine Induces Sustained Immune Activity in Small Patient Group",GPT recommended,,Jim Stallard,Memorial Sloan Kettering Cancer Center,cancer,https://www.mskcc.org/news/can-mrna-vaccines-fight-pancreatic-cancer-msk-clinical-researchers-are-trying-find-out?utm_source=chatgpt.com,0.632990654955875
"Tel Aviv University breaks new ground in cancer detection, treatment with new innovation",GPT recommended,,,The Jerusalem Post,cancer,https://www.jpost.com/health-and-wellness/article-844413?utm_source=chatgpt.com#google_vignette,0.0
New immunotherapy platform could increase potential to target cancer cells,GPT recommended,,,Stanford Report,cancer,https://news.stanford.edu/stories/2024/12/new-immunotherapy-platform-could-increase-potential-to-target-cancer-cells,0.0
Reimagining Cancer: Innovation-driven exploration and care,GPT recommended,,,Stanford Medicine Magazine,cancer,https://stanmed.stanford.edu/issue/2025issue1/,0.0
Combination treatment strategy dramatically increases cell death in leukemia,GPT recommended,,Blake Belden,Medical Xpress,cancer,https://medicalxpress.com/news/2025-02-combination-treatment-strategy-cell-death.html,0.0
